country,1960,1961,1962,1963,1964,1965,1966,1967,1968,1969,1970,1971,1972,1973,1974,1975,1976,1977,1978,1979,1980,1981,1982,1983,1984,1985,1986,1987,1988,1989,1990,1991,1992,1993,1994,1995,1996,1997,1998,1999,2000,2001,2002,2003,2004,2005,2006,2007,2008,2009,2010,2011,2012,2013,2014,2015,2016,2017,2018,2019
Aruba,,,,,,,,,,,,,,,,,,,,,,,,,,,,,,,,,,,,−20.7M,−28.5M,−57M,−66.5M,−81M,69.8M,37.4M,−86.6M,−157M,−77.7M,−219M,−297M,−278M,−288M,−312M,−395M,−407M,−436M,−283M,−206M,−18.4M,13.4M,52M,,
Afghanistan,−15.6M,−20M,−24.4M,−57.8M,−73.3M,−102M,−140M,−124M,−86.7M,−68.9M,−37.8M,−95.6M,−53.3M,−31.1M,−17.8M,−37.8M,−42.2M,−93.3M,−100M,,,,,,,,,,,,,,,,,,,,,,,,,,,,,,,−1.96B,−3.21B,−4.15B,−7.48B,−8.67B,−6.26B,−7.04B,−6.19B,−6.8B,−6.37B,−5.75B
Angola,,,,,,,,,,,,,,,,,,,,,,,,,,,,,,,,,,,,,,,,,2.45B,39.5M,1.36B,845M,3.1B,9.04B,16.9B,18.1B,20.9B,−3.47B,15.9B,23.9B,25.7B,20.1B,14.7B,−3.93B,2.91B,7.02B,15.5B,
Albania,,,,,,,,,,,,,,,,,,,,,,,,,−37.8M,−43.5M,−8.91M,−2.07M,−60.3M,−64.9M,−175M,−232M,−546M,−576M,−548M,−534M,−693M,−565M,−642M,−557M,−808M,−934M,−1.16B,−1.42B,−1.62B,−2B,−2.12B,−2.85B,−3.46B,−2.96B,−2.46B,−2.93B,−2.3B,−2.3B,−2.51B,−1.97B,−2B,−1.96B,−2.08B,−2.09B
United Arab Emirates,,,,,,,,,,,,,,,,,,,,,,,,,,,,,,,,,,,,,,,,,,8.73B,6.52B,11.9B,15.5B,28.2B,39.5B,20.6B,29.1B,14.8B,59.7B,99.9B,136B,140B,123B,95B,90.2B,93.3B,111B,101B
Argentina,,,−1.15B,396,392,588M,476M,606M,286M,0,273M,−200M,125M,1B,444M,−81.1M,1.67B,1.3B,1.68B,125M,−1.09B,−355M,2.17B,3.45B,2.24B,4.83B,2.04B,330M,4.19B,4.97B,8.1B,3.03B,−3.51B,−5.69B,−7.91B,−1.06B,−1.77B,−6.49B,−7.53B,−4.9B,−1.85B,3.51B,14.7B,14.3B,11.5B,11.8B,13.1B,12.6B,13.4B,16.9B,12.3B,8.97B,10.6B,−550M,2.13B,−6.39B,−5.8B,−17.6B,−11.1B,9.83B
Armenia,,,,,,,,,,,,,,,,,,,,,,,,,,,,,,,−256M,−401M,−273M,−163M,−444M,−562M,−523M,−623M,−641M,−536M,−534M,−457M,−435M,−536M,−597M,−760M,−1.07B,−1.9B,−3.03B,−2.42B,−2.33B,−2.47B,−2.21B,−2.21B,−2.15B,−1.28B,−1.01B,−1.4B,−1.95B,−1.97B
American Samoa,,,,,,,,,,,,,,,,,,,,,,,,,,,,,,,,,,,,,,,,,,,−41M,−58M,−107M,−116M,−139M,−116M,−113M,−26M,−173M,−224M,−161M,−184M,−253M,−231M,−208M,−254M,−194M,
Antigua and Barbuda,,,,,,,,,,,,,,,,,,−3.26M,2.66M,5.84M,−21.3M,−27.8M,−54.2M,−23.2M,−17.8M,−35.5M,−87.6M,−76.2M,−18.3M,−48M,4.74M,12M,20.8M,40.8M,14.5M,−37.3M,−64.8M,−35M,−24M,−56.5M,−31.6M,−41.2M,−46.6M,−72.1M,−58.4M,−137M,−270M,−351M,−327M,−145M,−155M,−104M,−159M,−175M,−152M,−68.2M,−77.8M,,,
Australia,−198M,−515M,261M,−178M,279M,−531M,−599M,−307M,−715M,−505M,−101M,−124M,443M,2B,−57.5M,−441M,146M,−695M,−1.14B,−1.41B,789M,−3.24B,−6.38B,−3.6B,−2.76B,−3.69B,−5.59B,−3.02B,−1.56B,−5.49B,−5.99B,−432M,885M,−1000M,−1.66B,−7.23B,−1.82B,1.19B,−3.51B,−9.51B,−8.97B,326M,−31.9M,−9.82B,−16.6B,−19B,−13.6B,−14B,−26.8B,1.96B,−11.8B,13.5B,−3.85B,−20.4B,−6.27B,−20.6B,−27.5B,8.2B,5.98B,35.9B
Austria,,,,,,,,,,,−11.8M,−55.3M,−95.9M,−182M,−471M,−164M,−1.04B,−2.25B,−892M,−1.15B,−2.82B,−1.7B,−452M,−1.09B,−729M,−167M,−19M,−51.3M,−561M,−676M,−156M,−1.51B,−2.57B,−642M,−3.4B,−2.87B,−3.76B,−1.73B,−491M,986M,2.62B,3.35B,7.87B,7.21B,8.85B,10.1B,12.1B,17.1B,19B,13.4B,13.7B,12B,11.4B,12.1B,14.5B,14.3B,15.2B,13.8B,17B,16.6B
Azerbaijan,,,,,,,,,,,,,,,,,,,,,,,,,,,,,,,411M,392M,1.58B,−737M,−196M,−639M,−985M,−951M,−1.42B,−636M,94.5M,239M,−454M,−1.71B,−2.08B,1.33B,5.82B,13.1B,20.7B,12.6B,17.8B,21.3B,19.3B,16.4B,12.8B,1.59B,1.05B,2.74B,7.78B,5.92B
Burundi,−1.75M,−3.5M,−7M,−15.8M,5.25M,−3.48M,−3.67M,−1.93M,−5.63M,−4.63M,−2.26M,−14.5M,−8.24M,−7.05M,−20M,−45.2M,−13.1M,1.67M,−52M,−67M,−133M,−125M,−169M,−170M,−119M,−112M,−127M,−181M,−145M,−147M,−225M,−217M,−224M,−167M,−168M,−144M,−86.3M,−44.8M,−102M,−67.8M,−86.3M,−93M,−102M,−115M,−162M,−254M,−354M,−342M,−422M,−403M,−408M,−568M,−567M,−696M,−718M,−654M,−546M,−619M,−620M,−711M
Belgium,,,,,,,,,,,584M,582M,1.14B,917M,289M,203M,208M,−549M,−799M,−2.01B,−3.58B,−2.19B,−1.58B,345M,495M,890M,2.69B,2.71B,3.88B,3.61B,3.61B,3.93B,5.98B,7.2B,8.86B,11.1B,8.86B,9.82B,9.41B,10.2B,6.77B,8.63B,14.3B,17B,18B,15.6B,16.5B,19.4B,3.47B,10.9B,8.19B,−517M,312M,4.16B,4.38B,6.55B,5.68B,7.03B,−886M,874M
Benin,−13.5M,−11.7M,−15.2M,−19.8M,−19.2M,−22.1M,−28.3M,−37.1M,−31.8M,−31.9M,−31M,−33.7M,−50.9M,−51.9M,−84.2M,−128M,−126M,−140M,−167M,−231M,−302M,−362M,−283M,−195M,−119M,−136M,−213M,−245M,−296M,−170M,−144M,−186M,−174M,−238M,−124M,−197M,−83.1M,−98.9M,−133M,−308M,−216M,−312M,−180M,−231M,−178M,−140M,−257M,−410M,−341M,−470M,−504M,−590M,−328M,−508M,−320M,−833M,−446M,−897M,−1.03B,−636M
Burkina Faso,−36.3M,−36.3M,−38.6M,−39.8M,−35.8M,−28.4M,−28.6M,−40.6M,−41.8M,−51.3M,−49M,−69.6M,−86.1M,−112M,−121M,−214M,−184M,−254M,−299M,−368M,−430M,−394M,−411M,−347M,−260M,−328M,−407M,−396M,−422M,−390M,−418M,−404M,−239M,−273M,−205M,−297M,−441M,−387M,−430M,−624M,−515M,−433M,−490M,−564M,−747M,−890M,−863M,−996M,−1.42B,−1.2B,−813M,−617M,−1.01B,−1.33B,−692M,−813M,−778M,−900M,−656M,−743M
Bangladesh,29.5M,−44.2M,−3.12M,−89M,−220M,−219M,−152M,−239M,−245M,−298M,−377M,−388M,−507M,−430M,−832M,−1.01B,−1.3B,−515M,−1.32B,−1.51B,−2.25B,−1.82B,−1.94B,−1.6B,−1.9B,−1.66B,−1.45B,−1.63B,−1.81B,−2.09B,−2.26B,−1.72B,−1.51B,−1.69B,−1.64B,−2.46B,−3.09B,−2.55B,−2.18B,−2.5B,−2.47B,−2.87B,−2.27B,−2.88B,−2.97B,−3.9B,−3.88B,−4.74B,−6.69B,−6.37B,−6.63B,−9.75B,−10.4B,−10.8B,−11.3B,−14.5B,−10.3B,−13.1B,−23.7B,−18.5B
Bulgaria,,,,,,,,,,,,,,,,,,,,,996M,222M,206M,34.6M,332M,−69.8M,−696M,−516M,−74.5M,−382M,−745M,468M,−603M,−826M,−60.6M,1.79B,1.37B,1.44B,1.03B,−624M,−703M,−1.32B,−1.31B,−2.15B,−2.92B,−4.38B,−5.88B,−8.36B,−10.8B,−4.29B,−1.44B,216M,−1.72B,−248M,−557M,484M,2.66B,2.56B,1.71B,2.33B
Bahrain,,,,,,,,,,,,,,,,,,,,,272M,386M,445M,139M,103M,436M,424M,508M,661M,426M,886M,−491M,−587M,164M,401M,674M,715M,608M,44.4M,1.05B,2.04B,1.81B,1.33B,1.78B,2.17B,3.11B,4.1B,4.69B,4.96B,4.35B,4.78B,7.1B,5.66B,5.77B,5.52B,3.5B,2.83B,3.01B,2.91B,
Bahamas,,,,,,,,,,,,,,,,,,118M,126M,98.8M,100M,71.5M,98.4M,148M,108M,128M,146M,150M,,−102M,−56.9M,−131M,−30.1M,17.7M,−76.9M,−184M,−353M,−378M,−575M,−214M,−287M,−362M,184M,49.4M,38.8M,−381M,−1.11B,−831M,−889M,−813M,−885M,−1.36B,−857M,−563M,−1.22B,−329M,−224M,−808M,−645M,
Bosnia and Herzegovina,,,,,,,,,,,,,,,,,,,,,,,,,,,,,,,,,,,−891M,−953M,−1.68B,−1.65B,−2.93B,−3.12B,−2.58B,−2.73B,−3.1B,−4.43B,−4.14B,−4.49B,−3.6B,−4.63B,−6.21B,−4.18B,−3.71B,−4.43B,−4.04B,−3.72B,−4.2B,−2.99B,−2.82B,−2.93B,−3.02B,−3.12B
Belarus,,,,,,,,,,,,,,,,,,,,,,,,,,,,,,,500M,0,370M,−2.56B,−1.92B,−613M,−601M,−819M,−739M,−295M,−406M,−439M,−547M,−683M,−1.47B,215M,−1.54B,−2.84B,−4.69B,−5.54B,−7.54B,−644M,2.94B,−2.38B,−606M,60.2M,−91M,116M,910M,−305M
Belize,,,,,,,,,,,,,,,,,,,,,−24.6M,−38.7M,−36.7M,−28M,−17.2M,−25.4M,−8.3M,−9.31M,−21.3M,−39.3M,−9.5M,194M,−16.6M,−19.6M,−15.1M,−7.13M,−1.68M,−19.2M,−29.9M,−95.5M,−172M,−159M,−127M,−126M,−84.1M,−89.5M,−6.31M,−1.6M,−99.7M,−61.5M,5.62M,−25M,9.89M,−19.5M,−49.1M,−128M,−160M,−63.5M,−5.72M,−5.74M
Bermuda,,,,,,,,,,,,,,,,,,,,,,,,,,,,,,,,,,,,,,,,,,,,,,,,,,928M,971M,1.04B,1B,1.01B,,,,,,
Bolivia,−28.9M,−28.2M,−46.5M,−44.8M,−17.1M,−31.6M,−34.9M,−26.6M,−36.5M,−26.3M,2.44M,−33M,−36.6M,−7.65M,178M,−151M,−60.4M,−92.7M,−282M,−142M,81.6M,40.8M,−15.6M,233M,−134M,−204M,−174M,−190M,−201M,−31M,−55.9M,−293M,−509M,−534M,−331M,−311M,−347M,−654M,−1.09B,−862M,−760M,−430M,−481M,−61.9M,422M,330M,1.03B,988M,1.16B,489M,1.35B,1.37B,2.54B,2.13B,436M,−2.04B,−2.52B,−2.59B,−2.07B,−2.64B
Brazil,−8.83M,−9.15M,−263M,−17.2M,150M,475M,225M,0,−207M,25M,−178M,−849M,−928M,−975M,−6.17B,−4.91B,−3.66B,−1.17B,−2.39B,−4.62B,−5.3B,−999M,−1.87B,4.91B,11.8B,11.5B,6.6B,9.61B,17.2B,14.8B,5.72B,4.6B,9.95B,6.16B,−15.6M,−14.8B,−18.5B,−23B,−20.5B,−11.1B,−14.8B,−12.3B,4.28B,12.4B,22.8B,30.3B,30B,19B,−3.21B,−6.72B,−23B,−20.1B,−33.5B,−56.9B,−65.4B,−20.8B,7.18B,14.8B,7.2B,−6.1B
Barbados,,,,,,,,,,,,,,,,−40.3M,−79.8M,−57M,−56.8M,−71.8M,−16.5M,−88M,−26.1M,12M,54.3M,92M,2.59M,1.04M,52.4M,29.1M,−4.87M,−17.3M,132M,92.6M,153M,40.5M,60.7M,−69.2M,−91.8M,−142M,−126M,−135M,−171M,−134M,−299M,−305M,−268M,−94.4M,−242M,−99.3M,−135M,−211M,−210M,−183M,−221M,−77.6M,48.2M,73.1M,80.5M,16.9M
Brunei,,,,,,,,,,,,,,,780M,778M,1.07B,1.36B,1.56B,2.27B,4.03B,3.47B,3.08B,2.66B,,,,,,794M,864M,981M,417M,123M,109M,184M,−36.2M,−68M,−281M,341M,1.89B,1.7B,1.49B,2.18B,2.91B,4.09B,5.33B,4.89B,7.3B,3.97B,5.41B,7.31B,6.61B,4.55B,5.8B,1.88B,1.35B,1.69B,1.35B,994M
Bhutan,,,,,,,,,,,,,,,,,,,,,−32.6M,−47.7M,−50.6M,−55.8M,−54.5M,−62.2M,−70.1M,−36.8M,−59.7M,−27.4M,−11.5M,−19.9M,−60M,−29.5M,−26.8M,−14.7M,−32.2M,−37.4M,−61.5M,−82.1M,−83M,−102M,−137M,−157M,−219M,−215M,−42.7M,−27.8M,−115M,−221M,−448M,−533M,−443M,−392M,−446M,−668M,−565M,−555M,−613M,
Botswana,−4.07M,−5.04M,−6.03M,−6.99M,−8.23M,−8.66M,−11.2M,−15.3M,−26.4M,−23M,−34.9M,−36.1M,−38.3M,−56.5M,−73M,−71.7M,−59.3M,−83.1M,−97.2M,−91.2M,−142M,−234M,−149M,−5.65M,35.4M,168M,267M,524M,703M,404M,200M,256M,274M,332M,318M,335M,810M,661M,−156M,629M,679M,537M,679M,888M,737M,1.72B,1.84B,1.52B,−588M,−1.75B,−975M,−560M,−1.75B,73.3M,495M,−909M,1.31B,651M,218M,−1.27B
Central African Republic,−12.2M,−11.4M,−16.3M,−17.1M,−17.5M,−15.9M,−22.4M,−33.7M,−10.2M,−19.3M,−18.2M,−15.4M,−20.4M,−21.3M,−43.9M,−71.1M,−32.2M,−46.3M,−63.9M,−89M,−126M,−67.2M,−90.1M,−82.1M,−77.2M,−83.3M,−117M,−129M,−92.5M,−76M,−127M,−118M,−134M,−74M,−13.8M,−67.3M,−41.8M,−19.2M,−55.5M,−47.6M,−45M,−50.5M,−41.5M,2.74M,−66.7M,−112M,−113M,−159M,−247M,−243M,−240M,−200M,−250M,−143M,−374M,−322M,−381M,−469M,−624M,−640M
Canada,,−265M,−155M,240M,479M,−170M,−112M,497M,662M,−157M,1.94B,1.3B,657M,1.44B,−156M,−3.38B,−1.87B,−752M,477M,1.02B,4.66B,2.05B,11.9B,10.7B,12.1B,8.25B,3.45B,4.94B,3.77B,148M,919M,−3.17B,−2.02B,199M,6.79B,19B,24.8B,12.6B,12.5B,24.5B,42.1B,42.4B,33.5B,34.9B,45.8B,46.4B,36.3B,32B,27.4B,−19.8B,−30.3B,−20.5B,−34.6B,−28.9B,−16.3B,−38.4B,−36B,−36.5B,−33.6B,−29.3B
Switzerland,,,,,,,,,,,−22.1M,1.43M,273M,251M,−226M,3.43B,4.04B,3.82B,5.08B,1.69B,−2.49B,847M,871M,−962M,3.26B,3.05B,1.57B,2.98B,3.26B,3.08B,1.34B,4.56B,8.13B,11.6B,13B,14.6B,12.6B,14.6B,13.4B,13.8B,16.7B,15.6B,20.3B,23.6B,35.3B,29.6B,36.5B,54.2B,58.4B,40.8B,62.3B,59B,69.4B,83B,82.9B,79.6B,77.3B,71.8B,86.2B,88.8B
Chile,−114M,−190M,−78.4M,−140M,−58.5M,37.6M,66.2M,80M,43M,169M,35.3M,−131M,−427M,−351M,37.1M,−187M,376M,−320M,−614M,−746M,−1.39B,−3.68B,−668M,412M,−326M,340M,489M,555M,1.69B,1.32B,1.07B,1.71B,767M,−911M,976M,1.68B,−1.15B,−1.7B,−2.67B,1.64B,1.36B,1.17B,1.54B,3.78B,9.79B,10.7B,22.4B,23.8B,3.7B,13.4B,14B,8.37B,−75.1M,−1.6B,2.47B,−536M,1.53B,3.39B,−540M,−1.02B
China,−73.1M,191M,540M,581M,540M,317M,199M,219M,272M,512M,28.4M,654M,842M,669M,−683M,−237M,283M,371M,−805M,−1.36B,−1.15B,−3.97M,4.81B,2.57B,54M,−12.5B,−7.39B,291M,−4.06B,−4.93B,10.7B,11.6B,5B,−11.8B,7.36B,12B,17.6B,42.8B,43.8B,30.6B,28.8B,28.1B,37.4B,35.8B,51.2B,125B,209B,308B,349B,220B,222B,181B,232B,235B,222B,359B,255B,216B,107B,165B
Cote d'Ivoire,61.9M,44.4M,55.8M,79.3M,103M,61.6M,79M,80.5M,163M,132M,97M,59.9M,83.3M,63.3M,225M,5.6M,256M,394M,−72.2M,−280M,−629M,−599M,−220M,84.8M,925M,1B,853M,384M,266M,291M,494M,317M,423M,391M,933M,805M,1.05B,894M,810M,1.02B,742M,879M,1.86B,1.3B,1.36B,1B,1.72B,1.02B,1.69B,2.65B,1.82B,4.19B,1.12B,918M,1.73B,914M,803M,670M,−279M,838M
Cameroon,,,,,,−4.08M,−22M,−18.3M,−26.4M,6.04M,17.9M,−51.1M,−81.5M,−58.1M,59.5M,−78.7M,−145M,−92.4M,−197M,−416M,50.8M,−500M,315M,80.8M,194M,153M,59.2M,−484M,8.91M,327M,320M,666M,254M,214M,227M,292M,8.73M,−8.95M,8.53M,−30.3M,97.2M,−254M,−376M,−696M,−264M,−318M,−130M,−162M,−1.02B,−1.29B,−1.25B,−1.49B,−1.21B,−1.45B,−1.82B,−1.65B,−1.54B,−1.41B,−1.7B,−2.88B
"Congo, Dem. Rep.",,,,,,,,,,,,,,,,,,,,,,,,,,,,,,,,,,,159M,268M,−17.9M,228M,−193M,287M,−786M,−79.3M,177M,−539M,−399M,−769M,−659M,−334M,−1.13B,−1.74B,−1.84B,−1.59B,−1.98B,−1.49B,−1.8B,−1.47B,−2.98B,−1.44B,−1.69B,−1.49B
"Congo, Rep.",−85.8M,−97.4M,−54.1M,−36.8M,−34M,−33.9M,−46.8M,−60.2M,−67.5M,−65.8M,−63.3M,−64.6M,−96.4M,−63.7M,−36.6M,−214M,−198M,−151M,−152M,−14.6M,−1.89M,−360M,−286M,130M,351M,16.9M,−256M,71.5M,4.36M,327M,916M,370M,711M,221M,−278M,23.2M,216M,359M,71.2M,310M,1.18B,674M,833M,167M,1.38B,1.8B,1.43B,2.1B,3.34B,1.94B,3.66B,4.25B,3.21B,1.47B,388M,−2.32B,−1.74B,2.52B,4.71B,4.61B
Colombia,37.8M,−38.1M,−189k,−17.8M,−41.5M,140M,−237M,50.7M,−61.9M,−30.3M,−92.4M,−317M,39.6M,233M,−135M,237M,483M,714M,658M,495M,207M,−1.3B,−1.67B,−1.08B,−222M,448M,2.39B,1.47B,953M,1.65B,1.41B,2.29B,−336M,−3.86B,−4.84B,−5.95B,−5.48B,−6.31B,−5.8B,469M,−836M,−3.07B,−3.28B,−3.19B,−2.72B,−5.07B,−6.76B,−8.73B,−7.14B,−5.36B,−4.54B,−3.07B,−4.5B,−6.93B,−16.1B,−20.7B,−19.1B,−15.6B,−15.9B,−20.4B
Comoros,,,,,,,,,,,,,,,,,,,,,−38.4M,−35.5M,−33.3M,−34.7M,−33.4M,−35.6M,−50.5M,−61M,−64.5M,−61.8M,−77.7M,−76.7M,−82.7M,−81.9M,−57.7M,−72.1M,−71.6M,−65.9M,−66.9M,−69.2M,−63.3M,−68.4M,−76.7M,−98.7M,−114M,−118M,−126M,−121M,−180M,−174M,−184M,−206M,−233M,−236M,−229M,−169M,−160M,−176M,−196M,
Cape Verde,,,,,,,,,,,,,,,,,,,,,−71M,−68.7M,−79.1M,−73.6M,−72.5M,−77.9M,−110M,−112M,−113M,−115M,−159M,−153M,−176M,−166M,−169M,−211M,−176M,−153M,−189M,−231M,−181M,−183M,−224M,−293M,−347M,−280M,−305M,−457M,−469M,−443M,−484M,−538M,−338M,−266M,−378M,−228M,−262M,−380M,−370M,−287M
Costa Rica,−24.8M,−20.6M,−15.9M,−25.8M,−22.5M,−63M,−38.8M,−44.3M,−36.3M,−45.7M,−66.4M,−111M,−79M,−92.9M,−250M,−166M,−145M,−168M,−277M,−414M,−500M,−129M,76.1M,−23.5M,15M,−68.7M,37.4M,−187M,−82.5M,−204M,−394M,−333M,−474M,−697M,−653M,−407M,−471M,−554M,−563M,−345M,−99.7M,26.3M,−326M,−343M,−157M,−460M,−724M,−1.42B,−2.71B,−152M,−698M,−1.58B,−1.77B,−1.47B,−1.28B,−476M,151M,−168M,160M,869M
Cuba,,,,,,,,,,,−658M,−799M,−940M,−1.15B,−1.32B,−1.51B,−1.59B,−1.64B,−2.06B,−2.27B,−2.3B,−2.34B,−2.41B,−2.54B,−2.84B,−2.58B,−2.92B,−2.78B,−3.04B,−3.68B,−3.05B,−1.73B,−289M,−565M,−369M,−762M,−500M,−737M,−1.03B,−793M,−861M,−916M,−563M,−245M,280M,1.14B,126M,1.59B,−2.3B,1.25B,3.12B,2.24B,3.77B,2.99B,3.95B,2.34B,2.46B,2.77B,1.91B,
Cyprus,,,,,,,,,,,,,,,,−104M,−74.2M,−147M,−199M,−246M,−384M,−273M,−288M,−293M,−283M,−245M,−105M,−111M,−232M,−384M,−313M,−578M,−773M,−28.6M,−29.5M,−85.8M,−43.4M,−133M,255M,278M,243M,475M,134M,221M,−21.5M,−98.2M,−589M,−1.14B,−3.55B,−1.39B,−2.15B,−1.05B,−478M,378M,217M,519M,355M,−84.7M,196M,−96.5M
Czech Republic,,,,,,,,,,,,,,,,,,,,,,,,,,,,,,,950M,1.66B,414M,454M,−550M,−1.85B,−3.26B,−2.57B,−181M,−273M,−1.14B,−847M,−1.05B,−1.2B,968M,3.2B,4.26B,4.63B,5.1B,7.99B,6.42B,8.73B,9.96B,12.1B,13.2B,11.2B,15.1B,16.2B,15.7B,15B
Germany,,,,,,,,,,,−3.14B,−4.31B,−4.88B,−3.95B,−2.13B,−8.27B,−11.6B,−12.9B,−14.1B,−31.5B,−43.8B,−31.3B,−20.6B,−23.1B,−20.2B,−14.9B,−3.87B,−4.2B,−4.85B,−8.63B,−3.4B,−9.11B,−10.7B,1.04B,3.61B,10.5B,17.8B,23.8B,27.5B,12.1B,3.29B,31.6B,87.9B,94.2B,146B,148B,162B,232B,227B,170B,179B,184B,215B,215B,257B,254B,255B,260B,243B,224B
Djibouti,,,,,,,,,,,,,,,,,,,,,,,,,,,,,,,,,,,,,,,,,,,,,,,,,,,,,,−713M,385M,457M,−228M,−239M,306M,370M
Dominica,,,,,,,,,,,,,,,,,,−7.19M,−10M,−27.9M,−41.7M,−29.2M,−20.4M,−15.5M,−29.4M,−23.1M,−6.6M,−10.2M,−20.3M,−48M,−43.2M,−34M,−25.5M,−25M,−29.6M,−32.7M,−23.7M,−35.7M,−20.6M,−23.8M,−38.6M,−44.5M,−33.1M,−38.9M,−43.6M,−67M,−54.4M,−88.5M,−131M,−117M,−96.3M,−79.3M,−96.2M,−84.4M,−86.5M,−72M,−58.4M,−98.9M,−277M,−218M
Denmark,,,,,,,−188M,−271M,−187M,−320M,−484M,−387M,−94.9M,−582M,−1.14B,−388M,−2.02B,−1.78B,−1.34B,−1.68B,−320M,870M,549M,1.34B,991M,486M,−175M,2.25B,4.02B,4.27B,7.68B,8.66B,10.6B,10.8B,9.25B,8.71B,10.6B,7.56B,5.44B,10.7B,11B,11.8B,12.2B,14.8B,14.2B,14.6B,11.6B,9.25B,12.5B,14.4B,22.4B,22B,19.7B,22.7B,24.6B,20.5B,20.9B,23B,21.5B,23.4B
Dominican Republic,45.6M,45.2M,−2.6M,−49.4M,−85.5M,−35.2M,−88.5M,−71.7M,−88M,−93.9M,−148M,−162M,−66.9M,−103M,−274M,−121M,−272M,−330M,−512M,−536M,−928M,−559M,−678M,−681M,−960M,−236M,−217M,−408M,−128M,−544M,−564M,−362M,−779M,−683M,−695M,−572M,−523M,−758M,−1.58B,−1.4B,−2.02B,−1.72B,−1.99B,−31.1M,214M,−1.8B,−2.79B,−3.7B,−6.53B,−4.13B,−5.74B,−6.16B,−5.6B,−3.98B,−3.49B,−3.31B,−2.85B,−2.29B,−4.24B,−4.99B
Algeria,,,−20.5M,−328M,−127M,−101M,40.5M,60.8M,−40.5M,−182M,−344M,−468M,−357M,−530M,431M,−1.44B,−720M,−2.34B,−3.86B,−571M,1.69B,1.65B,871M,1.04B,−943M,−1.83B,−6.57B,−2.76B,−4.19B,−5.49B,−927M,2.52B,696M,−677M,−1.5B,−1.17B,2.73B,4.61B,30M,2.61B,11.7B,8.03B,5.6B,9.75B,12.3B,23.9B,31.5B,30B,32.9B,−796M,11.3B,20.2B,17.5B,5.89B,−3.65B,−22.2B,−22.7B,−17.7B,−11.7B,−11.7B
Ecuador,−16.9M,−20.9M,−8.39M,−13.2M,−27.9M,−31.3M,−15.3M,−49.1M,−74.3M,−112M,−102M,−168M,−100M,47.4M,257M,−252M,−177M,−202M,−457M,−37.3M,−130M,−148M,−618M,41.7M,287M,625M,−284M,−976M,−607M,−632M,142M,366M,626M,−587M,−731M,−815M,83.5M,−548M,−2.13B,698M,878M,−1.05B,−1.82B,−663M,−570M,−358M,448M,651M,167M,−1B,−3.14B,−1.78B,−1.25B,−2.22B,−1.63B,−2.71B,488M,−789M,−1.24B,43.2M
Egypt,,,,,,−149M,−219M,−128M,−336M,−201M,−284M,−391M,−434M,−467M,−1.01B,−2.02B,−1.43B,−1.41B,−2.08B,−2.97B,−2.68B,−2.78B,−3.19B,−3.49B,−3.87B,−3.77B,−3.46B,−4.08B,−6.25B,−5.78B,−5.25B,−2.96B,−1.05B,−1.98B,−2.85B,−3.1B,−3.69B,−4.75B,−8.06B,−7.49B,−6.61B,−4.74B,−3.83B,−2.15B,−1.07B,−2.03B,−1.74B,−5.97B,−9.11B,−12.5B,−11.5B,−9.73B,−22.1B,−18.3B,−25.8B,−28.2B,−31.8B,−31.8B,−26.2B,
Eritrea,,,,,,,,,,,,,,,,,,,,,,,,,,,,,,,,,−160M,−192M,−292M,−350M,−403M,−386M,−487M,−532M,−343M,−380M,−387M,−532M,−599M,−536M,−381M,−303M,−300M,−351M,−393M,−229M,,,,,,,,
Spain,,,,,,,,,,,−640M,61.8M,−297M,−1.15B,−5.18B,−4.97B,−5.86B,−3.52B,54.4M,−918M,−6.93B,−5.71B,−5.05B,−2.77B,1.83B,1.56B,2.63B,−2.77B,−7.93B,−17.3B,−22.3B,−22.8B,−22.7B,−8.04B,−5.42B,−6.89B,−1.16B,1.02B,−2.83B,−12.3B,−17.6B,−14.3B,−14B,−20B,−39.5B,−55.4B,−71.7B,−85.1B,−77B,−12.9B,−14.6B,4.09B,27.4B,53.2B,42.4B,36.3B,49.1B,47B,38.5B,39.4B
Estonia,,,,,,,,,,,,,,,,,,,,,,,,,,,,,,,,,,−155M,−410M,−328M,−499M,−530M,−543M,−252M,−184M,−247M,−546M,−835M,−950M,−715M,−1.72B,−1.97B,−950M,975M,1.25B,1.35B,381M,674M,928M,900M,938M,1.15B,1.08B,1.25B
Ethiopia,,,,,,,,,,,,,,,,,,,,,,,,,,,,,,,,,,,,,,,,,,,,,,,,,,,,−4.75B,−7.74B,−7.86B,−9.71B,−13.5B,−14.3B,−13B,−12.2B,−12.4B
Finland,,,,,,,,,,,−191M,−289M,−71.4M,−253M,−957M,−1.79B,−692M,440M,1.12B,464M,−698M,513M,91.3M,−5.34M,1.25B,374M,964M,475M,−378M,−2.18B,−2.19B,−1.21B,953M,4.1B,5.83B,10B,9.14B,9.31B,10.6B,12.1B,11.5B,12B,12.5B,11.3B,12.4B,8.13B,9.03B,12.3B,10.3B,5.15B,3.4B,−2.14B,−4.01B,−2.87B,−3.16B,−1.33B,−3.07B,293M,−2.75B,1.31B
France,1.51B,1.45B,918M,590M,173M,1.2B,664M,442M,217M,−566M,807M,1.58B,1.58B,1.7B,−3.13B,3.52B,−3.46B,−693M,5.31B,2.45B,−10.8B,−9.06B,−14.4B,−1.5B,685M,−2.04B,−934M,−10.3B,−6.71B,−7.03B,−9.96B,−3.98B,9.38B,22.2B,20.8B,25.6B,28.6B,43.8B,41.3B,35.7B,18.1B,21.6B,29.7B,26.2B,21.4B,1.88B,−5.41B,−19B,−33.8B,−21.3B,−34.1B,−55.7B,−34.8B,−29.1B,−32.7B,−13.8B,−15B,−27.6B,−29B,−26.6B
Faeroe Islands,,,,,,,,,,,,,,,,,,,,,,,,,,,,,,,,,,,,,,,26.5M,−34.5M,−83.6M,−14.6M,−12.8M,−202M,−64.6M,−173M,−200M,−377M,−212M,−144M,−69.5M,−82.1M,−243M,−90.8M,−445k,20.6M,,,,
"Micronesia, Fed. Sts.",,,,,,,,,,,,,,,,,,,,,,,,−86.2M,,,,,,,,,,,,−122M,−143M,−145M,−140M,−136M,−127M,−138M,−130M,−141M,−151M,−148M,−150M,−138M,−165M,−182M,−174M,−179M,−169M,−166M,−135M,−162M,−151M,−151M,−120M,
Gabon,2.18M,−756k,1.73M,2.64M,12.8M,13.5M,407k,0,−2.42M,1.92M,38M,53.4M,3.57M,8.52M,221M,35M,−15.5M,9.36M,355M,639M,1.42B,875M,793M,603M,673M,177M,−664M,−82.9M,−194M,192M,904M,756M,687M,624M,982M,1.17B,1.69B,1.28B,−52.1M,1B,1.84B,1.25B,1.09B,1.53B,2.2B,3.45B,3.35B,3.97B,5.49B,2.51B,3.76B,6.01B,5.08B,4.24B,2.83B,2.61B,2.52B,3.79B,4.89B,4.97B
United Kingdom,,,,,,,,,,,1.07B,1.98B,−205M,−4.51B,−9.99B,−4.15B,−2.64B,1.82B,4.39B,1.57B,12.3B,15.2B,9.77B,4.69B,−296M,5.39B,−3.63B,−7B,−29.8B,−33.9B,−20.3B,−4.36B,−8.49B,−3.9B,−310M,3.66B,2.38B,7.77B,−10.2B,−23.3B,−28.7B,−36.1B,−46B,−45.2B,−61.6B,−61B,−55.7B,−61.4B,−62.9B,−38.7B,−49.4B,−24.1B,−31.7B,−35.6B,−42.7B,−40.4B,−43.6B,−32.3B,−39.7B,−33.1B
Georgia,,,,,,,,,,,,,,,,,,,,,,,,,,,,,,,−414M,−232M,−1.13B,−672M,−1.29B,−453M,−589M,−931M,−746M,−533M,−510M,−464M,−447M,−588M,−860M,−1.15B,−1.87B,−2.72B,−3.81B,−2.06B,−2.08B,−2.75B,−3.12B,−2.09B,−2.98B,−2.55B,−2.31B,−1.78B,−1.87B,−1.57B
Ghana,−88.2M,−134M,−58.8M,−96.7M,−68.6M,−198M,−106M,−44.1M,−7.84M,−11.8M,−30.4M,−108M,116M,125M,−101M,26.1M,−9.32M,−33.4M,−48.7M,2.85M,−30.6M,−24M,14.4M,−17.6M,−120M,−132M,−204M,−331M,−306M,−399M,−528M,−565M,−740M,−964M,−626M,−545M,−553M,−1.42B,−962M,−1.35B,−919M,−1.04B,−756M,−1.22B,−1.87B,−2.71B,−3.17B,−4.04B,−5.55B,−3.38B,−5.29B,−4.89B,−5.14B,−6.26B,−4.04B,−5.67B,−3.08B,−1.85B,−754M,385M
Guinea,,,,,,,,,,,,,,,,,,,,,,,,,,,58.1M,18.9M,−100M,31.8M,−63.1M,−7.68M,−39.4M,−51.3M,−105M,−126M,−199M,−125M,−202M,−152M,−133M,−40.8M,−73.5M,26.6M,−43.6M,−9.56M,−917M,−1.51B,−1.46B,−1.66B,−882M,−1.41B,−1.56B,−2.3B,−2.05B,−2.59B,−4.44B,−2.5B,−3.96B,−3.28B
Gambia,,,,,,,−3.27M,−3.11M,−4.53M,−4.83M,−1.63M,−2.68M,−4.13M,−5.47M,−4.54M,1.26M,−5.94M,−14.9M,−45M,−58.6M,−50.3M,−49.9M,−33.1M,−25.6M,−24.2M,−22.7M,−17.6M,−21.8M,−21.6M,−29M,−37M,−36.1M,−44.7M,−62.3M,−55.5M,−92.2M,−62.4M,−19.7M,−27.4M,−29.5M,−37.3M,−22.6M,−30.8M,−32.5M,−84.1M,−105M,−87.5M,−105M,−158M,−149M,−180M,−126M,−113M,−107M,−161M,−222M,−224M,−247M,−319M,−402M
Guinea-Bissau,,,,,,,,,,,−20.6M,−23.7M,−27.4M,−31M,−33.8M,−22.6M,−25.5M,−26.8M,−34.7M,−40.6M,−32.3M,−37.9M,−55.4M,−42.9M,−52.5M,−69M,−34.6M,−48M,−63.7M,−79.5M,−66.1M,−71.5M,−102M,−56.5M,−42.1M,−59.6M,−57.6M,−50.7M,−44.2M,−40.3M,−42.1M,−22.1M,−22.9M,−28.2M,−42.1M,−52.9M,−87.3M,−95.8M,−112M,−135M,−173M,−57.9M,−101M,−79.1M,−118M,−49.2M,−56.5M,−71.4M,−104M,−134M
Equatorial Guinea,,,,,,,,,,,,,,,,,,,,,,,,,,,,,,,,,,,,,,,,,,,,,,3.6B,4.65B,5.64B,9.83B,3.98B,4.38B,7.65B,6.07B,6.24B,6B,1.9B,1.15B,1.87B,1.74B,318M
Greece,−202M,−230M,−334M,−366M,−605M,−720M,−539M,−578M,−773M,−918M,−965M,−1.02B,−1.19B,−1.89B,−1.79B,−2.01B,−2.11B,−2.42B,−2.58B,−2.82B,−3.37B,−2.28B,−4.06B,−4.06B,−3.5B,−3.88B,−4.09B,−3.99B,−5.33B,−7.04B,−10.3B,−10.7B,−10.5B,−9.72B,−8.48B,−11.3B,−13B,−9.78B,−14B,−12.6B,−14.3B,−14.4B,−15.6B,−22.4B,−20.4B,−20.5B,−28.7B,−39.8B,−44.7B,−32.3B,−25.8B,−19.5B,−10.9B,−6.75B,−5.7B,101M,−1.39B,−2.08B,−570M,−19.9M
Grenada,,,,,,,,,,,,,,,,,,−5.59M,−5.7M,−16.6M,−26.8M,−39.4M,−40.7M,−32.8M,−29.4M,−32.9M,−29.9M,−35.3M,−33.7M,−43.3M,−45.7M,−51.6M,−39.1M,−48.9M,−35.1M,−45.4M,−62.5M,−73.7M,−87.5M,−48.3M,−74.4M,−83.1M,−99.5M,−132M,−121M,−247M,−240M,−227M,−244M,−174M,−196M,−199M,−189M,−210M,−14.4M,3.7M,−5.14M,−20.5M,−11.4M,−11.7M
Greenland,,,,,,,,,,,,,,,,,,,,,,,,,,,,,,,,,,,,,,,,,,,,−182M,−175M,−325M,−284M,−508M,−835M,−615M,−1.06B,−1.46B,−677M,−551M,−288M,−198M,−117M,−86.8M,−128M,
Guatemala,−19.8M,−16.6M,−18.7M,−20.8M,−35.1M,−37.6M,−2.7M,−48M,−27.1M,6.4M,15.1M,−28M,7.8M,17.4M,−103M,−66M,−262M,−98.7M,−351M,−311M,−215M,−560M,−340M,−141M,−204M,−101M,106M,−457M,−457M,−435M,−292M,−340M,−964M,−955M,−952M,−904M,−748M,−1B,−1.57B,−1.53B,−1.69B,−2.46B,−2.79B,−3.16B,−3.63B,−4.34B,−5.13B,−5.72B,−5.75B,−3.45B,−4.34B,−5.11B,−5.67B,−6.72B,−6.71B,−6.36B,−5.86B,−6.53B,−7.84B,−8.03B
Guam,,,,,,,,,,,,,,,,,,,,,,,,,,,,,,,,,,,,,,,,,,,−894M,−1.02B,−939M,−887M,−1.07B,−1.48B,−1.7B,−1.8B,−1.87B,−2.02B,−2.03B,−2.15B,−2.23B,−1.99B,−1.85B,−1.9B,−2.01B,
Guyana,−14M,−1.69M,22.9M,29.5M,7M,−5.12M,−11.8M,−5.88M,7.1M,9.5M,−1.45M,10.5M,−3.71M,−51.3M,8.36M,−125k,−113M,−70M,−80k,−50M,−74.5M,−133M,−83.4M,−91.5M,−31.5M,−62.6M,−34.9M,−39.7M,−17.8M,−27.3M,−68M,−62.7M,−87.7M,−75.9M,−65.8M,−67.8M,−43M,−73.5M,−85.9M,−55.9M,−104M,−98.5M,−88M,−72.9M,−75.6M,−207M,−361M,−491M,−630M,−499M,−531M,−642M,−581M,−500M,−624M,−340M,−7.21M,−207M,−452M,−559M
"Hong Kong, China",0,−105M,−134M,−138M,−169M,−83.8M,−88M,125M,146M,281M,293M,188M,454M,507M,450M,562M,1.38B,1.03B,186M,291M,−149M,−471M,182M,540M,2.68B,3.58B,3.74B,5.27B,5.33B,7.89B,6.57B,6.05B,5.42B,8.12B,1.57B,−6.48B,−2.37B,−5.95B,905M,8.56B,7.57B,7.95B,13.6B,14.7B,14.7B,22.2B,21.6B,22.6B,22.3B,16.9B,13.4B,9.57B,2.97B,1.65B,597M,7.39B,7.33B,3.44B,−773M,6.49B
Honduras,−5.5M,1.4M,1.6M,−10.8M,−10.4M,2.3M,−8M,−12.1M,−7.8M,−19.3M,−44.8M,−6M,8.5M,−8M,−124M,−101M,−60M,−74M,−274M,−311M,−480M,−460M,−227M,−320M,−514M,−469M,−318M,−391M,−387M,−423M,−373M,−323M,−467M,−532M,−524M,−298M,−309M,−278M,−411M,−915M,−884M,−997M,−975M,−1.14B,−1.63B,−1.79B,−2.28B,−3.44B,−4.56B,−2.6B,−2.84B,−3.49B,−3.59B,−3.78B,−3.53B,−3.55B,−3.12B,−3.5B,−4.57B,−4.05B
Croatia,,,,,,,,,,,,,,,,,,,,,,,,,,,,,,,,,,,,−1.85B,−1.55B,−3.08B,−1.73B,−1.42B,−982M,−1.21B,−2.55B,−3.63B,−3.58B,−3.99B,−4.31B,−5.06B,−7.19B,−3.52B,−1.01B,−1.25B,−962M,−1.25B,−219M,109M,577M,343M,−515M,−338M
Haiti,,,,,,,,,,,,,,,,,,,,,,,,,,,,,−423M,−398M,−700M,−666M,−393M,−508M,−396M,−551M,−511M,−534M,−623M,−725M,−819M,−855M,−829M,−948M,−1.01B,−1.25B,−1.45B,−1.51B,−2.06B,−1.77B,−3.27B,−3.12B,−2.86B,−2.88B,−3B,−2.66B,−2.54B,−3.17B,−4B,−3.45B
Hungary,,,,,,,,,,,,,,,,,,,,,,,,,,,,,,,,−287M,−82.1M,−2.88B,−2.44B,−3.6M,221M,455M,−764M,−1.34B,−1.74B,−694M,−1.38B,−3.36B,−4.12B,−2.61B,−1.31B,753M,563M,5.27B,6.95B,8.63B,8.68B,9.47B,8.92B,9.95B,11.2B,10.3B,6.91B,5.92B
Indonesia,,,,,,,,−459M,−333M,−485M,−274M,−207M,−262M,93.3M,1.96B,175M,500M,1.56B,525M,3.33B,6.01B,1.78B,−3.53B,−866M,3.83B,2.42B,−14.7M,1.65B,2.38B,2.92B,1.83B,2.17B,4.08B,4.72B,2.03B,−2.7B,−1.4B,−594M,9.31B,11.3B,17.4B,13.3B,12.3B,17.2B,12B,11.9B,19.7B,17.5B,5.38B,15.1B,14.3B,22.1B,−3.62B,−7.21B,−6.67B,3.29B,7.05B,10.1B,−11B,−5.47B
India,−878M,−649M,−785M,−788M,−1.11B,−1.13B,−1.16B,−959M,−480M,−185M,−60M,−226M,228M,−440M,−1.18B,−985M,587M,144M,−375M,−2.17B,−5.79B,−5.1B,−4.33B,−4.4B,−3.06B,−5.56B,−4.55B,−3.84B,−4.21B,−3.36B,−4.49B,2.04M,−2.15B,47.2M,−988M,−4.25B,−4.55B,−5.15B,−7.01B,−8.77B,−4.25B,−4.25B,−5.05B,−4.23B,−12.7B,−22.9B,−30B,−49.7B,−62B,−73.4B,−74.6B,−119B,−123B,−55.4B,−60.9B,−48.3B,−40.5B,−83.8B,−100B,−77.5B
Ireland,,,,,,,,,,,−362M,−385M,−364M,−538M,−1.14B,−626M,−796M,−1.08B,−1.51B,−2.98B,−2.95B,−2.94B,−1.7B,−795M,−339M,66.9M,308M,1.4B,2.25B,2.12B,2.16B,2.35B,4.06B,5.31B,5.38B,7.56B,8.3B,9.93B,9.81B,12.9B,13.8B,17.1B,22B,24.9B,27.9B,23B,18.7B,22.3B,23.7B,31.8B,36.9B,44.7B,39.3B,44.9B,46.7B,83.9B,46.8B,74.1B,127B,55.9B
Iran,−149M,−94.3M,38.4M,142M,3.65M,−20.2M,−89.5M,−178M,−262M,−294M,−300M,245M,247M,3.46B,10.8B,2.77B,6.11B,1.37B,978M,9.66B,−14.2B,−15.7B,−4.89B,−15.1B,−8.61B,−9.74B,−14B,576M,−8.63B,−9.98B,−13.1B,,,3.05B,10.7B,7.91B,6.22B,2.17B,−4.26B,4.21B,1.84B,−2.45B,843M,−2.19B,−1.48B,14.1B,17.5B,27.3B,20.3B,7.18B,24.5B,46.9B,5.3B,15.8B,7.26B,1.81B,6.66B,4.92B,,
Iraq,,,,,,,,,,,563M,799M,635M,1.12B,3.39B,1.31B,3.81B,3.05B,5.95B,11.8B,17B,−11.8B,−17.1B,−3.37B,−1.87B,−2.26B,−4.68B,−1.64B,−1.95B,−594M,486M,,,,,,,,,,,,,,−2.82B,−3.52B,8.09B,15.7B,25.8B,126M,7.39B,31B,33.5B,8.6B,10.3B,−10.8B,−13.7B,4.54B,18B,−5.19B
Iceland,,,,,,,,,,,8.21M,−43.4M,−15.8M,−24.5M,−147M,−118M,4.44M,−19.1M,70.8M,29.4M,−3.48M,−54.5M,−153M,55.7M,−4.57M,1.33M,147M,−62.7M,−60.1M,120M,76.5M,−91.4M,−12.7M,188M,318M,246M,36.6M,34.8M,−370M,−406M,−622M,−71.5M,141M,−338M,−736M,−1.98B,−2.93B,−1.95B,−386M,1.16B,1.35B,1.17B,849M,1.23B,1.07B,1.24B,1.29B,1.01B,776M,1.14B
Israel,,,,,,,,,,,−1.27B,−982M,−902M,−2.38B,−3.09B,−3.4B,−2.39B,−1.77B,−2.38B,−2.77B,−2.46B,−3.03B,−3.09B,−3.16B,−2.38B,−1.59B,−1.53B,−3.35B,−2.64B,−1.84B,−2.91B,−5.32B,−4.5B,−6B,−6.6B,−7.81B,−7.88B,−5.38B,−3.02B,−2.98B,−126M,−3.13B,−3.53B,−961M,103M,−162M,217M,−1.66B,−1.39B,5.17B,4.39B,−519M,−157M,5.23B,4.83B,9.08B,5.04B,4.11B,1.58B,
Italy,,,,,,,,,,,259M,953M,1.17B,−3.25B,−7.49B,146M,−2.48B,2.45B,6.58B,4.17B,−12.4B,−8.4B,−5.42B,2.11B,−1.87B,−1.86B,7.97B,3.27B,400M,−181M,2.33B,2.41B,590M,32.4B,36.1B,43B,59.5B,46.1B,38.5B,22.3B,9.72B,14.7B,9.62B,7.17B,10.6B,−1.84B,−16B,−7.5B,−18.4B,−13.6B,−39.7B,−32.1B,23B,51.4B,62.5B,55.3B,61.7B,56.2B,49.9B,61.5B
Jamaica,−33.6M,−12.7M,−14.8M,1.06M,−49.6M,−34.9M,17.4M,−8.7M,−56.8M,−79.8M,−58.8M,−110M,−155M,−183M,−243M,−296M,−262M,45M,85.2M,−20M,730k,−257M,−349M,−265M,−143M,−207M,81.4M,11M,−159M,−387M,−175M,−48.2M,−33.4M,288M,−15.6M,−333M,−532M,−654M,−667M,−545M,−1.07B,−1.26B,−1.58B,−1.4B,−1.44B,−2.23B,−2.44B,−2.79B,−4.06B,−2.16B,−2.41B,−3.33B,−3.21B,−3.15B,−3.09B,−2.31B,−1.81B,−2.11B,−2.06B,−2.16B
Jordan,,,,,,,,,,,,,,,,,−810M,−1.04B,−1.21B,−1.7B,−1.76B,−2.41B,−2.51B,−2.24B,−2.01B,−1.83B,−1.62B,−1.66B,−1.33B,−774M,−1.24B,−977M,−1.7B,−1.72B,−1.45B,−1.42B,−1.75B,−1.61B,−1.54B,−1.46B,−2.26B,−2.25B,−1.84B,−2.14B,−3.45B,−5.22B,−5.12B,−6.42B,−6.81B,−5.4B,−5.49B,−7.56B,−8.67B,−9.94B,−9.46B,−8.59B,−8.13B,−8.64B,−7.99B,−5.75B
Japan,,,,,,,,,,,2.45B,6.1B,6.83B,−231M,−3.97B,−316M,3.91B,10.7B,16.1B,−10.2B,−10.8B,7.48B,6.22B,19.1B,32.2B,44.6B,76.4B,70.1B,60.3B,41.3B,24.3B,53.7B,80.3B,95.4B,93.4B,68.9B,21B,46.7B,73.3B,70.9B,69.9B,28.4B,55.6B,75.4B,97.3B,71.8B,64.1B,85.5B,22.6B,28.8B,83.3B,−33.4B,−95.9B,−119B,−120B,−18.4B,48.8B,45.3B,11.6B,
Kazakhstan,,,,,,,,,,,,,,,,,,,,,,,,,,,,,,,,,−330M,−2.07B,−2.14B,−932M,−155M,−560M,−1000M,396M,1.37B,−235M,−12.4M,1.66B,3.71B,4.93B,8.5B,6.78B,26.7B,9.12B,21.2B,38.2B,30.2B,28B,30.4B,7.35B,4.63B,13.3B,21B,15.6B
Kenya,−20.4M,12.6M,16.6M,28.4M,41.7M,7M,17.9M,−11.2M,1.4M,21M,−13.4M,−116M,−45.1M,−31.9M,−215M,−153M,24.1M,151M,−517M,−365M,−464M,−230M,−315M,−135M,−328M,−297M,−293M,−406M,−437M,−587M,−483M,−123M,−33.7M,285M,201M,−594M,−832M,−1.14B,−1.21B,−842M,−1.29B,−1.31B,−707M,−888M,−1.01B,−1.4B,−2.39B,−3.21B,−4.39B,−4B,−5.17B,−7.21B,−6.71B,−7.32B,−9.04B,−7.06B,−6.26B,−8.63B,−8.6B,−8.92B
Kyrgyz Republic,,,,,,,,,,,,,,,,,,,,,,,,,,,,,,,−544M,−33.3M,−278M,−155M,−106M,−214M,−472M,−140M,−355M,−185M,−78.6M,−4.54M,−60.3M,−126M,−192M,−454M,−1.06B,−1.19B,−2.01B,−1.12B,−1.44B,−1.68B,−3.36B,−3.63B,−3.75B,−2.71B,−2.33B,−2.47B,−2.95B,−2.39B
Cambodia,−51.4M,−37.1M,−60M,−25.7M,−5.71M,−8.57M,−45.7M,−11.4M,−22.9M,−35.2M,−14.4M,,,,,,,,,,,,,,,,,,,,,,,−421M,−360M,−530M,−646M,−403M,−410M,−460M,−435M,−345M,−379M,−468M,−390M,−545M,−540M,−658M,−231M,−697M,−611M,−695M,−677M,−803M,−736M,−799M,−878M,−759M,−419M,−372M
Kiribati,,,,,,,,,,,,,890k,4.22M,39M,21.9M,8.51M,6.82M,3.93M,721k,−648k,−18M,−16.1M,−12.3M,−5.07M,−5.29M,−3.24M,−27.1M,−27.3M,−29.8M,−38.9M,−34.6M,−48.9M,−38.8M,−34.3M,−47.3M,−52.5M,−48.5M,−41.3M,−51.8M,−54.7M,−51.8M,−65.4M,−68.1M,−80.7M,−109M,−86.6M,−94.1M,−98.8M,−97.2M,−104M,−131M,−146M,−152M,−160M,−157M,−161M,−165M,−156M,
St. Kitts and Nevis,,,,,,,,,,,,,,,,,,−4.92M,−3.89M,−9.59M,−14.5M,−16.4M,−18.4M,−26.5M,−19.6M,−17.5M,−14.7M,−22.2M,−31.7M,−40.2M,−50M,−35M,−12.3M,−25.4M,−22.2M,−53.7M,−65.7M,−56M,−48.1M,−59.3M,−98.8M,−89M,−103M,−90.7M,−47.7M,−53.5M,−85M,−113M,−202M,−191M,−155M,−113M,−73.2M,−55.1M,80M,4.07M,−52.2M,−37M,17M,49.3M
South Korea,−370M,−240M,−330M,−427M,−257M,−225M,−384M,−513M,−764M,−909M,−872M,−1.02B,−526M,−517M,−2.16B,−1.89B,−843M,−703M,−2.2B,−4.84B,−5.66B,−5.29B,−4.3B,−1.88B,429M,1.1B,4.47B,9.81B,12.5B,4.45B,−2.16B,−7.51B,−2.19B,1.67B,−2.43B,−5.75B,−18.6B,−4.74B,40.5B,27B,10.3B,7.4B,7.48B,11.4B,27.7B,21B,6.33B,10.7B,−2.44B,40B,32.1B,13.9B,34.9B,63.5B,74.9B,100B,99.9B,77.1B,79.2B,48.3B
Kosovo,,,,,,,,,,,,,,,,,,,,,,,,,,,,,,,,,,,,,,,,,,,−980M,−1.22B,−1.25B,−1.35B,−1.44B,−1.7B,−2.19B,−1.97B,−2.07B,−2.3B,−1.99B,−1.96B,−2.12B,−1.83B,−1.83B,−1.88B,−2.31B,−2.24B
Kuwait,,,,,,935M,989M,759M,949M,958M,1.03B,1.85B,2.13B,2.69B,9.25B,6.55B,5.96B,4.04B,4.75B,12.2B,12.6B,7.77B,462M,2.04B,3.36B,2.34B,−327M,3.45B,957M,2.68B,−2.42B,−12B,−2.73B,834M,2.12B,2.83B,4.12B,4.03B,−1.88B,1.96B,9.93B,5.5B,3.05B,8.44B,14.6B,28.9B,42B,40.2B,60.2B,31.8B,41.9B,72.9B,84.3B,76.8B,60.1B,10.1B,−980M,5.49B,18.2B,
Lao,,,,,,,,,,,,,,,,,,,,,,,,,−62.9M,−136M,−72.6M,−86.2M,−109M,−142M,−114M,−126M,−114M,−129M,−229M,−249M,−344M,−304M,−145M,−121M,−130M,−180M,−171M,−275M,−385M,−379M,−195M,−506M,−846M,−978M,−994M,−964M,−2.29B,−2.61B,−2.33B,−2.57B,−1.37B,,,
Lebanon,,,,,,,,,,,,,,,,,,,,,,,,,,,,,,−1.99B,−2.33B,−3.16B,−3.57B,−4.61B,−5.23B,−6.04B,−5.81B,−5.2B,−4.69B,−3.95B,−3.76B,−4.3B,−3.61B,−4.14B,−4.41B,−4.2B,−4.38B,−5.88B,−8.6B,−8.5B,−9.63B,−11.7B,−13.6B,−15.4B,−15.5B,−12.8B,−12.4B,−13B,−14.7B,−10.8B
Liberia,,,,,,,,,,,,,,,,,,,,,,,,,,,,,,,,,,,,,,,,,−66.1M,23.1M,107M,1.46M,−1.39B,−1.44B,−1.26B,−2.22B,−1.9B,−1.41B,−1.47B,−1.74B,−1.53B,−1.9B,−2.52B,−2.77B,−2.58B,−2.45B,−2.23B,−2.15B
Libya,,,,,,,,,,,,,,,,,,,,,,,,,,,,,,,2.47B,981M,1.73B,−1.01B,263M,1.73B,1.33B,1.52B,−413M,2.03B,6.83B,3.38B,2.19B,6.31B,10.4B,17.3B,24.9B,29.1B,37.9B,10.3B,17.6B,3.48B,28.6B,3.67B,−18.5B,−9.55B,−4.7B,3.85B,11.1B,5.91B
Sri Lanka,−41.7M,−13.7M,−20.2M,−21.5M,−27.6M,6.93M,−60.9M,−52.9M,−53.5M,−122M,−72.3M,−47.4M,−40.2M,−34.8M,−267M,−283M,−83.8M,150M,−130M,−405M,−909M,−710M,−901M,−780M,−359M,−715M,−744M,−702M,−751M,−664M,−633M,−910M,−899M,−987M,−1.38B,−1.36B,−1.24B,−1.07B,−949M,−1.22B,−1.73B,−982M,−1.08B,−1.14B,−1.82B,−2.18B,−3.11B,−3.36B,−5.57B,−2.73B,−4.12B,−8.61B,−8.12B,−6.4B,−6.41B,−6.07B,−6.01B,−6.32B,−6.54B,−5.14B
Lesotho,−9.24M,−11.8M,−14M,−16.9M,−17.8M,−20.7M,−25.9M,−26.5M,−26.5M,−25.1M,−25.2M,−32.2M,−42.9M,−64.8M,−95.7M,−134M,−178M,−194M,−195M,−295M,−384M,−424M,,,,,,,,,,,,,,,,,,,,,,,,,,−985M,−977M,−1.21B,−1.47B,−1.4B,−1.65B,−1.35B,−1.22B,−1.04B,−946M,−1.07B,−1.12B,−1.17B
Lithuania,,,,,,,,,,,,,,,,,,,,,,,,,,,,,,,,,,,,−836M,−779M,−1.02B,−1.28B,−1.1B,−713M,−670M,−810M,−1.09B,−1.59B,−1.89B,−3.1B,−5.22B,−5.54B,−629M,−744M,−1.17B,262M,675M,884M,−413M,335M,1.14B,1.04B,3.03B
Luxembourg,,,,,,,,,,,294M,171M,248M,517M,921M,382M,453M,436M,411M,652M,429M,249M,290M,367M,466M,653M,907M,753M,1.01B,1.43B,1.68B,1.68B,2.51B,2.85B,3.56B,4.39B,4.93B,4.17B,3.93B,4.99B,5.32B,5.01B,5.92B,7B,8.62B,9.55B,13.5B,16.9B,17.1B,16.5B,17.5B,19.5B,17.6B,19.8B,21.4B,19.7B,21.5B,22.6B,25.5B,25.6B
Latvia,,,,,,,,,,,,,,,,,,,,,,,,,,,,,,,,,,,,−275M,−538M,−590M,−866M,−739M,−634M,−867M,−968M,−1.47B,−2.24B,−2.45B,−4.43B,−5.88B,−4.6B,−424M,−350M,−1.42B,−1.25B,−1.07B,−639M,−246M,272M,47.2M,−63.7M,28.2M
"Macao, China",,,,,,,,,,,,,,,,,,,,,,,126M,122M,224M,185M,181M,362M,381M,478M,677M,555M,838M,1.01B,1.05B,1.59B,1.84B,1.79B,1.6B,1.32B,2.08B,2.22B,2.52B,2.88B,4.33B,3.94B,4.21B,5B,6.89B,9.38B,15.5B,21.3B,25B,31.1B,29.5B,17.8B,18.9B,23.7B,27.3B,27B
Morocco,17.8M,−61.3M,−73.1M,−57.3M,9.88M,37.5M,−11.9M,−69.2M,−51.4M,−16.6M,−156M,−121M,−32.9M,−79.2M,−48.8M,−977M,−1.8B,−2.26B,−1.81B,−2.05B,−1.88B,−2.15B,−2.15B,−1.15B,−1.35B,−1.24B,−1.27B,−1.02B,−37.1M,−1.38B,−1.66B,−1.66B,−2B,−1.76B,−1.94B,−2.49B,−1.48B,−1.29B,−1.67B,−1.53B,−2.17B,−1.18B,−1.14B,−1.73B,−3.21B,−3.79B,−4.11B,−7.39B,−13.1B,−11.1B,−10.1B,−14.2B,−15B,−15.5B,−13.8B,−7.69B,−10.5B,−10.5B,−12.4B,−10.9B
Moldova,,,,,,,,,,,,,,,,,,,,,,,,,,,,,,,,,,,,−136M,−315M,−408M,−455M,−151M,−347M,−361M,−414M,−662M,−788M,−1.22B,−1.59B,−2.27B,−3.2B,−1.99B,−2.25B,−2.82B,−2.96B,−2.99B,−2.93B,−1.98B,−1.86B,−2.27B,−2.93B,−2.96B
Madagascar,−44.4M,−34.2M,−34.2M,−54.3M,−53.2M,−56.6M,−53.1M,−38.2M,−52M,−52.8M,−27M,−78.9M,−54.5M,−76.6M,−89.8M,−115M,−51.5M,−85M,−184M,−548M,−465M,−274M,−213M,−140M,−68.9M,−101M,−80.5M,−59.4M,−106M,−33.4M,−261M,−124M,−155M,−213M,−124M,−131M,−90.4M,−196M,−198M,−181M,−210M,−48.7M,−351M,−423M,−499M,−615M,−456M,−947M,−2.03B,−2.08B,−1.41B,−1.28B,−1.05B,−1.22B,−677M,−503M,−314M,−466M,−712M,−971M
Maldives,,,,,,,,,,,,,,,,,,,,,−21.9M,−19.1M,−17.1M,−19.8M,−10.7M,6.1M,10.4M,16.3M,12.1M,9.9M,6.08M,−14.5M,−15M,−40.6M,−5.25M,,,,,,,,,,,,−269M,168M,−107M,232M,314M,147M,340M,508M,545M,376M,−50.7M,−182M,−404M,−180M
Mexico,−412M,−312M,−234M,−277M,−446M,−412M,−375M,−569M,−680M,−560M,−676M,−423M,−348M,−582M,−1.56B,−2.4B,−1.23B,79.3M,−583M,−1.7B,−4.41B,−6.32B,8.71B,14.3B,13.7B,9.37B,5.06B,8.57B,2.55B,−144M,−2.9B,−9.14B,−18.3B,−16.4B,−20.8B,7.12B,6.54B,−558M,−9.52B,−8.12B,−11.5B,−13.9B,−12.3B,−10.8B,−12.5B,−14.1B,−14.1B,−18.3B,−26.4B,−14.9B,−14.4B,−16.5B,−14.8B,−14.7B,−15.5B,−23.9B,−21.3B,−21B,−22.8B,−674M
Marshall Islands,,,,,,,,,,,,,,,,,,,,,,,,,,,,,,,,,,,,−74.8M,−73.9M,−61.3M,−70M,−71.8M,−83.2M,−83M,−62.9M,−74.2M,−69.8M,−80.9M,−88M,−92.5M,−91.9M,−109M,−117M,−86.3M,−82M,−104M,−89M,−86.2M,−82.7M,−94.9M,−99.2M,
North Macedonia,,,,,,,,,,,,,,,,,,,,,,,,,,,,,,,−449M,−140M,23M,−203M,−345M,−434M,−712M,−976M,−1.13B,−1.03B,−538M,−485M,−761M,−779M,−1.11B,−1.02B,−1.16B,−1.49B,−2.49B,−2.03B,−1.72B,−1.99B,−2.09B,−1.95B,−1.96B,−1.63B,−1.59B,−1.57B,−1.59B,−1.76B
Mali,,,,,,,,−34.6M,−27.1M,−26.5M,−20.6M,−29.2M,−46.4M,−71.3M,−152M,−163M,−94.2M,−71.6M,−223M,−243M,−254M,−239M,−205M,−210M,−220M,−358M,−379M,−312M,−383M,−288M,−410M,−410M,−516M,−410M,−365M,−463M,−410M,−253M,−224M,−328M,−309M,−263M,−64.4M,−333M,−433M,−509M,−284M,−680M,−1.29B,−723M,−1.32B,−1.1B,−424M,−1.98B,−2.23B,−2.04B,−2.37B,−2.1B,−1.89B,−1.95B
Malta,,,,,,,,,,,−68.1M,−62M,−61.8M,−62.3M,−99.4M,−60M,−58.5M,−84.5M,−55.4M,−52.4M,−68.4M,−99.9M,−185M,−161M,−155M,−164M,−136M,−156M,−192M,−219M,−326M,−289M,−210M,−251M,−293M,−324M,−334M,−180M,−103M,−95M,−310M,−72.1M,206M,47.5M,−80.6M,−156M,−228M,44.5M,−22.3M,−128M,−79.7M,214M,428M,637M,1.39B,1.03B,1.58B,2.71B,3.08B,2.99B
Myanmar,,,,,,,,,,,,,,,,,,,,,,,,,,,,,,,,,,,,,,,,,−7.84M,1.55M,4.09M,5.15M,4.82M,9.95M,9.61M,11.8M,15.9M,14M,2.23B,−862k,367M,416M,−1.36B,−5.4B,−6.14B,−3.95B,68.9M,
Montenegro,,,,,,,,,,,,,,,,,,,,,,,,,,,,,,,,,,,,,,,,,−141M,−273M,−315M,−280M,−333M,−396M,−1B,−1.57B,−2.42B,−1.28B,−1.06B,−997M,−998M,−897M,−911M,−748M,−984M,−1.14B,−1.31B,−1.17B
Mongolia,,,,,,,,,,,,,,,,,,,,,,−1.09B,−975M,−976M,−753M,−907M,−1.48B,−1.25B,−1.2B,−1.12B,−565M,−677M,−97.9M,−85.1M,−91.6M,−14.8M,−93.2M,63.1M,−131M,−126M,−158M,−193M,−238M,−249M,−194M,−122M,203M,57.1M,−740M,−333M,−718M,−2.28B,−2.76B,−2.83B,−590M,118M,536M,270M,−728M,−427M
Northern Mariana Islands,,,,,,,,,,,,,,,,,,,,,,,,,,,,,,,,,,,,,,,,,,,387M,344M,281M,182M,77M,48M,29M,−48M,−70M,−132M,−98M,−111M,−110M,−129M,1M,282M,−14M,
Mozambique,,,,,,,,,,,,,,,,,,,,,,,,,,,,,,,,−1.15B,−1B,−981M,−982M,−1.11B,−971M,−940M,−946M,−1.56B,−1.35B,−642M,−1.61B,−1.44B,−1.35B,−1.27B,−930M,−890M,−1.18B,−1.28B,−1.54B,−2.88B,−7.21B,−8.43B,−8.66B,−5.06B,−4.6B,−2.98B,−5.37B,−5.39B
Mauritania,,−11.6M,−16.3M,−723k,42.4M,47.3M,52.1M,47.7M,46.6M,42.9M,46.8M,50M,16.6M,25.3M,−16.3M,−79.1M,−184M,−198M,−148M,−143M,−177M,−177M,−297M,−192M,−154M,−83.9M,−122M,−95.1M,−52.1M,4.55M,−86.9M,−15.7M,52.3M,85.8M,131M,200M,168M,83.6M,−50.3M,−77M,−141M,−168M,−129M,−350M,−678M,−1.02B,77.8M,−217M,−561M,−355M,−109M,127M,−960M,−816M,−1.11B,−1.45B,−988M,−932M,−1.27B,−800M
Mauritius,,,,,,,,,,,,,,,,,−48.5M,−87.6M,−125M,−142M,−116M,−120M,−30.4M,−3.93M,−34.9M,−20.4M,97.4M,38.7M,−106M,−160M,−191M,−107M,−105M,−197M,−311M,−98M,−30.4M,−204M,−34.7M,−134M,−5.79M,286M,164M,110M,−120M,−337M,−715M,−745M,−1.33B,−828M,−1.1B,−1.46B,−1.39B,−1.59B,−1.34B,−1.09B,−1.16B,−1.65B,−1.92B,−2.05B
Malawi,−26.6M,−27.2M,−24.9M,−29.8M,−17.1M,−31.6M,−41.2M,−29.3M,−37.6M,−42.8M,−43.3M,−43.9M,−59.5M,−44.2M,−60M,−103M,−56.5M,−37.3M,−170M,−187M,−173M,−72.2M,−74.9M,−92.6M,23.5M,−64.6M,−25.3M,−27.9M,−127M,−250M,−181M,−133M,−346M,−333M,−380M,−248M,−206M,−326M,−93.4M,−271M,−170M,−191M,−356M,−337M,−479M,−775M,−763M,−435M,−886M,−720M,−840M,−579M,−933M,−384M,−358M,−421M,−651M,−441M,−499M,−352M
Malaysia,265M,131M,58.1M,43.4M,46.4M,132M,124M,77.7M,117M,374M,164M,60.9M,−68.1M,432M,22.4M,42.1M,1.15B,986M,910M,1.88B,613M,−1.55B,−2.34B,−1.51B,648M,1.6B,1.69B,4.46B,3.6B,2.36B,900M,−1.8B,803M,−66.8M,−1.19B,−3.49B,1.4B,914M,15.9B,19.8B,18B,16.2B,17.4B,21.7B,25.4B,31.5B,35.5B,38.5B,51.5B,41B,40.6B,46.4B,33.8B,27.6B,31.4B,22.7B,20B,21.9B,25.1B,27.7B
Namibia,,,,,,,,,,,,,,,,,,,,,342M,−256M,−182M,−175M,−121M,185M,187M,−113M,37.5M,85.2M,−185M,−176M,−204M,−93.9M,−47M,−166M,−229M,−314M,−364M,−319M,−144M,−230M,−69.6M,−448M,−150M,9.94M,312M,−466M,−1.06B,−1.84B,−1.45B,−1.47B,−2.18B,−2.74B,−3.12B,−2.98B,−2.62B,−1.8B,−1.35B,−1.47B
New Caledonia,,,,,,,,,,,,,,,,,,,,,,,,,,,,,,,−410M,−417M,−525M,−527M,−452M,−393M,−447M,−386M,−549M,−609M,,,,,,,,,,,,,,,,,,,,
Niger,−1.37M,−7.7M,−19.5M,−5.93M,−28.2M,−30.5M,−25.5M,−39.6M,−40.6M,−44.5M,−47.6M,−22.4M,−46.7M,−77.8M,−171M,−123M,−129M,−125M,−94M,−176M,−340M,−261M,−305M,−110M,−59.4M,−175M,−13.2M,−97.8M,−121M,−146M,−192M,−207M,−174M,−94.5M,−143M,−131M,−143M,−140M,−187M,−154M,−135M,−149M,−194M,−231M,−317M,−417M,−418M,−536M,−970M,−1.43B,−1.54B,−1.73B,−1.22B,−1.26B,−1.5B,−1.63B,−1.3B,−1.51B,−1.92B,−2.1B
Nigeria,−322M,−318M,−260M,−246M,−345M,−301M,−268M,−330M,−302M,−268M,−352M,−257M,−102M,86.1M,2.64B,−1.25B,−2.07B,847M,−1.54B,2.72B,6.54B,−1.63B,−560M,992M,2.44B,2.8B,747M,3.27B,2.68B,7.18B,5.96B,5.63B,4.65B,1.78B,1.37B,3.87B,2.96B,3.18B,−1.63B,4.87B,16B,5.05B,6.15B,4.37B,11.7B,15.9B,38.9B,8.64B,35.5B,3.51B,29.1B,40.9B,85.3B,26B,34B,−161k,−9.25B,−16.8M,−8.02B,
Nicaragua,−5.63M,−2.77M,−6.56M,−4.15M,−5.56M,−17.6M,−42.5M,−56.4M,−25.8M,−20.9M,−19.1M,−18.5M,49.7M,−105M,−206M,−141M,21.3M,−119M,67.7M,212M,−417M,−476M,−248M,−291M,−404M,−189M,−232M,−76.6M,−1.06B,−331M,−216M,−457M,−646M,−482M,−495M,−491M,−637M,−841M,−850M,−1.24B,−1.08B,−1.06B,−1.07B,−1.11B,−1.22B,−1.45B,−1.68B,−2B,−2.37B,−1.58B,−1.7B,−2.13B,−2.13B,−2.26B,−1.98B,−2.3B,−2.13B,−1.89B,−1.22B,−609M
Netherlands,,,,,,,,,,396M,−61.7M,642M,2.21B,3.35B,4.12B,4.54B,4.73B,2.81B,2.02B,2.11B,1.98B,8.06B,8.4B,6.7B,9B,7.66B,8.92B,7.91B,9.13B,10.4B,15.3B,16.7B,17.2B,22.2B,24.7B,30B,27.2B,26.6B,26.8B,24.2B,27.3B,28.3B,32.3B,38.5B,50.9B,57.9B,63B,60.1B,80.8B,65.8B,68.4B,77.2B,81.7B,89.5B,98.9B,57.4B,80B,89.7B,100B,97.5B
Curaçao,,,,,,,,,,,,,,,,,,,,,,,,,,,,,,,,,,,,,,,,,,,,,,,,,,,,−768M,−760M,−624M,−413M,,,,,
Norway,,,,,,,,,,,−79.8M,−370M,131M,−86.5M,−728M,−1.9B,−3B,−3.78B,168M,1.24B,3.88B,4.58B,3.17B,4.8B,5.43B,4.72B,−2.66B,−2.08B,−595M,3.57B,7.49B,9.42B,8.64B,7.56B,7.56B,9.18B,14.3B,13B,2.76B,11.7B,28.8B,29B,25.7B,29.1B,34.8B,49.4B,58.5B,53.8B,78.3B,44.1B,48.3B,64.2B,67B,56.7B,46.5B,22.2B,7.3B,14B,25.2B,7.07B
Nepal,,,,,,−45.3M,−28.2M,−656k,−5.06M,−25.3M,−29.4M,−32.9M,−23.1M,−36.6M,−62.1M,−70.4M,−49.4M,−35M,−78.6M,−77.4M,−140M,−153M,−173M,−271M,−227M,−222M,−246M,−269M,−381M,−395M,−404M,−459M,−333M,−378M,−506M,−420M,−580M,−560M,−537M,−346M,−502M,−641M,−651M,−813M,−930M,−1.21B,−1.62B,−1.95B,−2.57B,−2.86B,−4.29B,−4.54B,−4.43B,−5.16B,−5.85B,−6.39B,−6.32B,−8.41B,−10.9B,−11.5B
Nauru,,,,,,,,,,,,,,,,,,,,,,,,,,,,,,,,,,,,,,,,,,,,,,,,,,,1.76M,−3.94M,16.5M,14.4M,−13.8M,−63.2M,−42.9M,−50.5M,−65.9M,−70.1M
New Zealand,,,,,,,,,,,−194M,63.5M,292M,19.5M,−1.72B,−891M,−351M,−248M,138M,−322M,−252M,−738M,−718M,−286M,−558M,−527M,154M,904M,1.8B,317M,417M,1.58B,1.31B,1.71B,1.52B,1.2B,1.11B,921M,753M,294M,1.57B,1.95B,2.02B,1.56B,298M,−1.66B,−431M,166M,−335M,2.82B,3.36B,2.61B,1.23B,3.07B,1.73B,1.83B,1.64B,2.29B,42.2M,
Oman,,,,,,,,12.2M,105M,150M,138M,101M,57.3M,61M,427M,354M,419M,391M,263M,760M,1.5B,1.93B,1.16B,1.24B,1.12B,1.27B,−123M,1.55B,726M,,2.29B,944M,1.14B,624M,1.06B,1.17B,2.15B,1.81B,−1.09B,1.75B,5.42B,4.35B,4.27B,3.67B,3.1B,8.46B,9.12B,6.94B,13B,7.74B,14.3B,20.3B,20.4B,17.6B,19.1B,2.3B,−161M,2.01B,10.9B,12B
Pakistan,−227M,−321M,−332M,−354M,−400M,−589M,−353M,−497M,−327M,−316M,−274M,−294M,−138M,34.3M,−327M,−1.01B,−1.01B,−1.29B,−1.61B,−2.12B,−2.53B,−2.67B,−3.36B,−2.96B,−3.29B,−3.75B,−2.49B,−1.76B,−2.14B,−2.52B,−2.18B,−709M,−1.54B,−3.16B,−1.43B,−1.64B,−2.86B,−2.93B,−648M,−1.02B,−922M,−761M,−65.4M,494M,1.01B,−4.24B,−10.2B,−10B,−18.4B,−12.2B,−10.3B,−10.7B,−18B,−15.7B,−15.7B,−17.4B,−19.5B,−28.4B,−34.9B,−28.4B
Panama,−46.1M,−38.8M,−26M,−53.7M,−34.7M,−32.4M,−42.1M,−20.9M,6.75M,−30.2M,−78.3M,−97.5M,−136M,−127M,−327M,−288M,−294M,−175M,−252M,−517M,−343M,−478M,−183M,67.5M,−177M,−208M,−211M,−264M,115M,−301M,−438M,−817M,−978M,−1.02B,−1.08B,−1.26B,−1.33B,−1.21B,−1.85B,−1.57B,−1.23B,−729M,−854M,−823M,−1.22B,−1.1B,−1.01B,−1.42B,−2.65B,176M,−2.41B,−2.09B,−3.1B,−3.33B,−4.18B,−2.47B,−2.01B,−2.55B,−2.8B,
Peru,−1.54M,−40.4M,−65.5M,−113M,−12.5M,−172M,−220M,−295M,−44M,41.3M,137M,−77.5M,−59.5M,−222M,−1B,−1.82B,−1.27B,−971M,81.8M,1.34B,616M,−900M,−748M,40.5M,782M,1.23B,−249M,−418M,−467M,27.6M,508M,−774M,−1.06B,−1.35B,−1.52B,−3.05B,−2.77B,−2.63B,−3.08B,−1.21B,−1.04B,−969M,−383M,238M,2.6B,4.82B,8.23B,7.52B,1.23B,5.77B,5.87B,8.62B,4.39B,−343M,−3.29B,−4.91B,−361M,4.06B,4.08B,2.83B
Philippines,31.6M,−104M,−101M,81.1M,−16.1M,24.6M,137M,−43.6M,−196M,−256M,35.5M,2.95M,16.9M,492M,−321M,−907M,−1.01B,−603M,−969M,−1.4B,−1.59B,−1.19B,−2.15B,−2.24B,−329M,652M,1.18B,140M,551M,−918M,−2.56B,−1.36B,−2.6B,−4.59B,−4.04B,−5.8B,−7.28B,−8.51B,−6.6B,−3.26B,1.28B,−2.04B,−3.23B,−2.58B,−3.3B,−1.49B,2.09B,3.72B,−1.75B,−788M,−739M,−6.05B,−7.62B,−9.85B,−8.21B,−14.5B,−26.9B,−29.8B,−40.7B,−44.9B
Palau,,,,,,,,,,,,,,,,,,,,,,,,,,,,,,,,,,,,,,,,,−96.3M,−62.2M,−57.7M,−56.4M,−72.5M,−61.1M,−65.4M,−52.6M,−60.9M,−46.7M,−48.5M,−57.2M,−62.4M,−62.9M,−73.4M,−48.5M,−57.9M,−78.3M,−83.2M,
Papua New Guinea,,−29.5M,−30.6M,−37.4M,−48.8M,−68.7M,−91.3M,−98.3M,−103M,−149M,−229M,−265M,−146M,131M,103M,−83.9M,15M,−21.2M,−67.9M,−2.53M,−258M,−512M,−560M,−442M,−350M,−250M,−206M,−205M,−317M,−429M,−268M,−375M,94M,781M,758M,804M,567M,−44.1M,198M,356M,596M,403M,87.4M,544M,520M,,,,,,,,,,,,,,,
Poland,,,,,,,,,,,,,,,,,,,,,,,,,,,,,,,,,,,,3.19B,−2.06B,−5.98B,−8.19B,−9.8B,−10.9B,−6.89B,−6.77B,−5.77B,−6.85B,−3.23B,−7.11B,−15.2B,−26.9B,−3.77B,−9.58B,−10.3B,−2.2B,10.2B,7.86B,14.8B,19.1B,22B,20.1B,31.1B
Puerto Rico,,,,,,,,,,,,−1.08B,−1.13B,−1.03B,−923M,−1.81B,−2.09B,−1.63B,−1.79B,−1.35B,−1.62B,−1.15B,391M,14.4M,−382M,432M,1.47B,1.34B,2.09B,2.31B,3.58B,5.42B,5.66B,3.4B,5.1B,4.99B,3.88B,2.56B,8.48B,9.6B,11.4B,17.8B,18.2B,21.4B,16.2B,17.6B,17.5B,14.7B,19B,20.2B,20.8B,19.6B,11.8B,17.3B,19.7B,26.4B,28.4B,25.2B,14.1B,
Portugal,,,,,,,,,,,−405M,−494M,−400M,−808M,−2.07B,−1.85B,−2.11B,−2.5B,−2.26B,−2.22B,−3.73B,−4.77B,−4.39B,−2.68B,−1.53B,−822M,−787M,−2.36B,−4.47B,−3.6B,−5.29B,−6.49B,−7.95B,−6.63B,−6.89B,−7.53B,−8.72B,−9.36B,−11.4B,−13.2B,−13.1B,−12.4B,−10.9B,−10.6B,−14.9B,−17.3B,−16.3B,−18.2B,−25.1B,−16.8B,−18.2B,−10.3B,−1.07B,2.49B,344M,1.47B,2.37B,2.23B,1B,130M
Paraguay,,,,,,−3.52M,−13.5M,−16.8M,−22.9M,−25.7M,−7.16M,−17.1M,−556k,6.9M,−22M,−70.2M,−57.4M,−62.5M,−94.6M,−188M,−276M,−383M,−413M,−376M,−197M,−1.48M,53.5M,10.4M,498M,990M,764M,876M,728M,452M,−113M,497M,239M,100M,711M,710M,710M,737M,1.12B,1.01B,1.08B,1.09B,1.05B,1.38B,873M,1.14B,790M,666M,397M,1.43B,805M,538M,1.94B,1.59B,473M,72.2M
Palestine,,,,,,,,,,,,,,,,,,,,,,,,,,,,,,,,,,,−1.63B,−1.88B,−1.95B,−2.1B,−2.15B,−2.61B,−2.01B,−2.08B,−1.76B,−2B,−2.54B,−2.85B,−2.95B,−3.22B,−3.48B,−3.81B,−3.9B,−3.92B,−4.43B,−4.73B,−5.04B,−5.2B,−5.25B,−5.37B,−5.83B,
French Polynesia,,,,,,,,,,,,,,,,,,,,,,,,,,,,,,,,−872M,−843M,−819M,−741M,−888M,−850M,−781M,−931M,−730M,−666M,,,,,,,,,,,,,,,,,,,
Qatar,,,,,,,,,,,,,,,,,,,,,,,,,,,,,,,,,,,819M,82.1M,357M,1.37B,1.14B,4.26B,7.98B,6.46B,6.24B,7.82B,12B,15.8B,16.5B,19.5B,38.4B,21.6B,48.3B,78B,88.2B,85.6B,76.2B,33B,8.92B,23B,36.8B,25.2B
Romania,,,,,,,,,,,,,,,,,,,,,,,,,,,,,,,−3.69B,−1.14B,−2.11B,−1.31B,−621M,−1.88B,−2.91B,−2.42B,−3.26B,−1.67B,−1.99B,−3.12B,−2.62B,−4.48B,−6.85B,−10.1B,−14.8B,−24.6B,−27.6B,−11.2B,−10.7B,−10.7B,−8.77B,−1.49B,−878M,−1.11B,−1.75B,−4.5B,−7.25B,−9.65B
Russia,,,,,,,,,,,,,,,,,,,,,,,,,,,,,,4.51B,1.12B,1.48B,64.8B,33.5B,18B,13.4B,16.5B,8.92B,18.1B,33.4B,52B,38.9B,37.2B,48.9B,72.4B,105B,126B,112B,153B,91B,123B,165B,147B,124B,132B,110B,66.3B,83.5B,165B,128B
Rwanda,2.8M,2M,−4.4M,−8.6M,−800k,−7.2M,−10.9M,−7.82M,−11M,−12.6M,−8.2M,−14.8M,−19.7M,−5.36M,−28.3M,−48.8M,−30.7M,−25.3M,−81.7M,−18.9M,−150M,−168M,−177M,−136M,−112M,−156M,−147M,−252M,−263M,−268M,−216M,−205M,−258M,−302M,−441M,−267M,−279M,−331M,−351M,−333M,−322M,−265M,−280M,−279M,−285M,−356M,−404M,−365M,−840M,−965M,−1.04B,−1.09B,−1.39B,−1.36B,−756M,−862M,−846M,−1.15B,−1.09B,−1.58B
Saudi Arabia,,,,,,,,,964M,1.04B,1.57B,2.59B,4.19B,11.8B,22.6B,24.1B,22.7B,18.4B,6.2B,23.1B,59.5B,60.3B,17.8B,−11.9B,−12.8B,−6.83B,−7.9B,−5.37B,−3.42B,−4.13B,10.5B,2.54B,4.28B,1.19B,10.7B,13.8B,21.2B,21.8B,4.66B,18.6B,35.3B,28.9B,32.8B,47.2B,69.6B,106B,112B,104B,146B,40B,87.6B,178B,184B,158B,99.2B,−35.5B,2.75B,37.9B,104B,78.5B
Sudan,20.3M,−14.7M,−6.67M,−21M,−38.7M,−13.7M,6.33M,−8M,−33.7M,6.33M,−1.67M,−41M,−18.7M,−77.7M,−368M,−594M,−553M,−631M,−560M,−849M,−937M,−1.41B,−1.34B,−876M,−777M,−761M,−549M,−1.13B,−600M,−612M,−378M,−956M,−646M,−267M,−669M,−668M,−695M,−838M,−953M,−978M,314M,−184M,−509M,−413M,−488M,−2.45B,−2.72B,−358M,2.46B,−2.01B,427M,−1.7B,−3.32B,−3.49B,−2.05B,−2.03B,−1.4B,−964M,−547M,−277M
Senegal,25.1M,25.7M,23.8M,−4.35M,−8.98M,6.82M,5.4M,−16M,−69.9M,−75.9M,−38.2M,−71.2M,−45.2M,−144M,−86.6M,−102M,−165M,−182M,−349M,−314M,−641M,−796M,−561M,−583M,−521M,−427M,−429M,−492M,−461M,−401M,−490M,−556M,−638M,−655M,−359M,−399M,−371M,−369M,−418M,−456M,−550M,−558M,−703M,−1.05B,−1.28B,−1.7B,−2.07B,−2.53B,−3.52B,−2.16B,−1.99B,−2.64B,−2.98B,−3.01B,−2.95B,−2.27B,−2.09B,−2.91B,−3.37B,−3.52B
Singapore,−96.2M,−111M,−85.9M,−134M,−97.1M,−108M,−79.2M,−91M,−78.1M,−157M,−365M,−461M,−424M,−335M,−784M,−525M,−439M,−97M,−280M,−526M,−824M,−484M,−295M,104M,−38.6M,57.4M,490M,621M,2.43B,3.36B,3.63B,6B,6.33B,5.99B,11.9B,14.7B,15.8B,14.7B,18.4B,14.7B,11.9B,14.8B,17.1B,27.3B,30.3B,38.2B,45.6B,56.6B,40B,45.6B,63.1B,77B,71.5B,71.1B,73.8B,84.1B,83.6B,86.8B,106B,104B
Solomon Islands,,,,,,,,,,,,,,,,,,,,,,−79.4M,−50M,−60.7M,−45.4M,−67.8M,−80.4M,−55.2M,−85.4M,−127M,−105M,−137M,−107M,−124M,−149M,−116M,−121M,−153M,−77.7M,−30.9M,−63.3M,−77.6M,−35.6M,−17.5M,−42.9M,−85M,−96.4M,−115M,−139M,−109M,−217M,−108M,−15.6M,−110M,−122M,−95.2M,,,,
Sierra Leone,,,,,−1.63M,−8.68M,−14.4M,−14.8M,−10.4M,9.96M,7.56M,−4.69M,−5.87M,7.1M,−13.2M,−63.6M,−43.9M,−48.5M,−40.2M,−79.7M,−169M,−186M,−132M,−109M,−19.4M,−15.3M,−15.2M,61.5M,151M,58.3M,4.48M,17.6M,−8.91M,−33M,35.2M,−68.4M,−138M,−16M,−48.5M,−40.8M,−135M,−215M,−267M,−250M,−183M,−194M,−154M,−196M,−305M,−354M,−456M,−1.42B,−1.04B,−1.49B,−1.09B,−1.18B,−1.09B,−822M,−889M,
El Salvador,,,,,,−21.3M,−47.6M,−29.5M,−17.7M,−27.4M,3.24M,−23.5M,12.2M,−43.6M,−140M,−97.4M,−29.6M,20.4M,−290M,−5.88M,32.8M,−237M,−194M,−190M,−248M,−287M,−165M,−281M,−271M,−457M,−608M,−699M,−954M,−988M,−1.18B,−1.45B,−1.25B,−1.18B,−1.32B,−1.38B,−1.77B,−1.95B,−1.89B,−2.17B,−2.47B,−2.82B,−3.45B,−4.51B,−4.89B,−3.2B,−3.62B,−4.32B,−4.39B,−4.62B,−4.29B,−4.12B,−3.85B,−4.06B,−5.12B,−4.89B
San Marino,,,,,,,,,,,,,,,,,,,,,,,,,,,,,,,,,,,,,,,,,,,,,,,,,,,,,,,,1.06B,1.07B,1.05B,,
Somalia,−7.99M,−13.6M,−30M,−21.8M,−33.2M,−8.5M,−19.6M,−23.4M,−19M,−23.5M,−16.9M,−22M,−20.1M,−65.7M,−105M,−102M,−111M,−194M,−171M,−302M,−334M,−304M,−326M,−360M,−366M,−114M,−209M,−248M,−180M,−407M,−256M,,,,,,,,,,,,,,,,,,,,,,,,,,,,,
Serbia,,,,,,,,,,,,,,,,,,,,,,,,,,,,,,,,,,,,−515M,−1.46B,−1.93B,−940M,−887M,−339M,−1.97B,−2.86B,−3.34B,−6.26B,−4.73B,−5.85B,−9.08B,−11.4B,−6.02B,−5.11B,−6.31B,−5.97B,−3.98B,−3.8B,−2.77B,−1.95B,−2.91B,−4.31B,−4.5B
South Sudan,,,,,,,,,,,,,,,,,,,,,,,,,,,,,,,,,,,,,,,,,,,,,,,,,5.07B,3.15B,4.66B,5.8B,1.68B,−5.77B,1.7B,930M,,,,
Suriname,,,,,,,,,,,,,,,,,,,,,,,,,,,,,,,,,,,,,,,,,,,,,,,192M,202M,164M,12.8M,617M,,,,,,,,,
Slovak Republic,,,,,,,,,,,,,,,,,,,,,,,,,,,,,,,−1.22B,−668M,−1.02B,−1.2B,459M,−181M,−3.7B,−2.87B,−3.29B,−1.46B,−694M,−2.29B,−2.26B,−224M,−893M,−1.96B,−1.52B,374M,−1.78B,−150M,−280M,698M,5.21B,5.53B,4.87B,2.72B,2.64B,2.11B,2.13B,1.09B
Slovenia,,,,,,,,,,,,,,,,,,,,,,,,,,,,,,,1.81B,980M,725M,36.2M,189M,−479M,−268M,−236M,−375M,−983M,−746M,−217M,233M,−94.1M,−498M,−232M,−18.9M,−638M,−1.17B,709M,510M,627M,1.58B,2.26B,3.37B,3.45B,3.82B,4.37B,4.72B,4.91B
Sweden,−101M,61.8M,44M,31.1M,33.8M,−216M,−189M,−34.6M,−77.3M,−142M,−149M,485M,733M,1.57B,−344M,−25.5M,−1.23B,−1.29B,1.13B,−929M,−2.22B,−101M,−500M,1.91B,3.49B,1.51B,4.08B,2.73B,2.63B,276M,55.3M,3.02B,3.25B,5.72B,7.68B,15.1B,16.1B,16.8B,15.4B,14.6B,13.2B,12.7B,14.1B,18.1B,26.2B,24.6B,28.7B,29.8B,29B,23.6B,25.3B,27.3B,26.4B,24.9B,20.9B,19.2B,15.8B,13.7B,12.4B,18.8B
Eswatini,4.9M,3.08M,980k,3.08M,5.04M,9.38M,−420k,−7.98M,2.8M,11.3M,10.6M,17.6M,12.4M,31.6M,58.9M,46.2M,22.1M,−9.89M,−80.8M,−150M,−214M,−175M,−190M,−213M,−184M,−131M,−49.4M,−1.52M,−23.5M,−19.4M,−110M,−132M,−241M,−259M,−130M,−233M,−341M,−254M,−278M,−252M,−241M,−124M,−197M,−99.9M,−196M,−349M,156M,253M,−233M,−293M,−609M,−535M,−307M,−264M,−28M,86.2M,56M,−34M,−161M,
Seychelles,,,,,,,,,,,,,,,,,−30.5M,−34.7M,−42.7M,−62.6M,−77.6M,−76.1M,−82.6M,−67.5M,−61.9M,−70.8M,−87.2M,−91M,−127M,−130M,−130M,−123M,−144M,−187M,−156M,−180M,−239M,−227M,−261M,−289M,−39.5M,−123M,−52.4M,16.7M,−63.4M,−199M,−164M,−12.3M,−104M,−76.6M,−139M,−166M,−189M,−15.8M,−151M,−69.2M,−174M,−184M,−224M,−297M
Syria,−55.3M,−45.2M,−6.99M,−20.9M,−33.5M,1040,−71.6M,−53.8M,−55.3M,−103M,−76.8M,−131M,−172M,−121M,−505M,−871M,−1.15B,−1.76B,−1.55B,−1.7B,−2.29B,−2.74B,−1.83B,−2.4B,−2.06B,−2.11B,−1.49B,−1.53B,−990M,−481M,47.8M,−996M,−1.51B,−1.79B,−1.25B,−786M,−864M,−200M,−55.7M,51.6M,1.32B,1.3B,1.63B,1.07B,60.8M,−357M,260M,327M,,,,,,,,,,,,
Chad,−11.4M,−15.5M,−20M,−23.3M,−29.8M,−18M,−17.5M,−17.1M,−17M,−21.2M,−27.2M,−25.8M,−28.2M,−50.3M,−54.9M,−99M,−89.2M,−122M,−129M,−169M,−123M,−66.3M,−57.8M,−59.3M,−55.5M,−201M,−235M,−244M,−224M,−253M,−251M,−234M,−258M,−234M,−222M,−171M,−185M,−189M,−193M,−213M,−246M,−598M,−2.01B,−934M,11M,672M,−55.2M,369M,528M,−632M,−715M,−356M,−450M,−715M,−1.16B,−718M,−1.08B,−583M,−205M,−123M
Togo,−506k,11.4M,6.11M,−6.3M,−843k,1.63M,16.6M,23.9M,31.3M,36.3M,27.5M,19.9M,2.68M,506k,208M,−63.5M,4.82M,−85.5M,−106M,−234M,−60.1M,−64.8M,−70M,−9.71M,−15.1M,−66.3M,−124M,−117M,−123M,−124M,−193M,−130M,−156M,−95.1M,−36.4M,−65.1M,−159M,−237M,−216M,−160M,−182M,−218M,−209M,−266M,−342M,−357M,−382M,−465M,−531M,−493M,−532M,−807M,−542M,−856M,−825M,−918M,−822M,−512M,−588M,−653M
Thailand,−35.1M,6.84M,−64.9M,−115M,−55.2M,−52.9M,−17.5M,−116M,−228M,−268M,−309M,−208M,−81.3M,−156M,−324M,−686M,−420M,−1.07B,−1.01B,−1.84B,−2.02B,−2.19B,−627M,−2.87B,−1.78B,−1.06B,876M,283M,−857M,−1.85B,−6.42B,−6.43B,−4.47B,−5.3B,−6.99B,−11.3B,−11.4B,2.14B,17.8B,15.4B,10.6B,7.5B,8.49B,9.67B,7.84B,−1.98B,7.24B,20.7B,6.98B,27.1B,19.5B,7.54B,905M,7.9B,24B,41.9B,56.1B,56.8B,44.8B,49.9B
Tajikistan,,,,,,,,,,,,,,,,,,,,,,,,,,,,,,,,,,−215M,−156M,−78.2M,−36.1M,−62.2M,−121M,−15.3M,−15.9M,−112M,−160M,−153M,−225M,−428M,−703M,−2B,−2.4B,−1.84B,−2.46B,−3.06B,−3.71B,−4.19B,−3.3B,−2.49B,−2.02B,−1.8B,,
Turkmenistan,,,,,,,,,,,,,,,,,,,,,,,,,,,,,,,,381M,926M,742M,−8.9M,−5.8M,−79.8M,−629M,−961M,−469M,200M,35.3M,318M,120M,4.63M,600M,1.83B,2.19B,3.86B,−2.18B,−1.14B,2.49B,2.93B,426M,1.07B,−3.56B,−6.42B,−3.28B,4.14B,
Timor-Leste,,,,,,,,,,,,,,,,,,,,,,,,,,,,,,,,,,,,,,,,,−566M,−710M,−774M,−533M,−407M,−279M,−365M,−590M,−756M,−1.01B,−1.03B,−1.33B,−1.33B,−956M,−1.07B,−858M,−886M,−833M,−902M,
Tonga,,,,,,,,,,,,,,,,−9.59M,−8.92M,−7.96M,−16.2M,−19.5M,−20.1M,−26.1M,−23M,−30.7M,−23.4M,−25.3M,−30.1M,−27.5M,−46.9M,−40.1M,−35.5M,−49.8M,−34.7M,−38.3M,−56M,−77.7M,−83.5M,−64.8M,−74.9M,−39.2M,−49.7M,−58.2M,−67.6M,−75.4M,−85.5M,−102M,−109M,−137M,−127M,−159M,−177M,−192M,−207M,−190M,−180M,−208M,−163M,−201M,−241M,
Tunisia,,,,,,46.1M,78.7M,72.6M,122M,122M,−39.6M,−5.55M,13.6M,−9.72M,112M,−81M,−222M,−431M,−464M,−215M,−469M,−714M,−856M,−698M,−938M,−507M,−642M,−95.9M,36.4M,−335M,−866M,−648M,−1.07B,−1.1B,−460M,−704M,−294M,−471M,−641M,−447M,−722M,−865M,−873M,−940M,−781M,−125M,−648M,−741M,−1.36B,−1.28B,−2.27B,−3.42B,−4.25B,−4.4B,−5.23B,−4.73B,−4.49B,−5B,−5.23B,−4.22B
Turkey,−226M,−133M,−211M,−289M,−111M,−100M,−222M,−133M,−244M,−222M,−330M,−476M,−516M,−530M,−1.97B,−3.04B,−2.98B,−4.04B,−2.05B,−2.38B,−4.65B,−3.32B,−2.04B,−2.52B,−2.44B,−2.09B,−2.11B,−1.9B,1B,−1.69B,−6.35B,−4.19B,−4.68B,−10.2B,1.28B,−7.56B,−11.4B,−11B,2.38B,−629M,−8.47B,7.52B,3.48B,−3.48B,−10.6B,−17.1B,−26.8B,−32.8B,−32.5B,−5.06B,−38.6B,−67.8B,−42.9B,−55.2B,−36.3B,−22.4B,−24.9B,−38.5B,−8.46B,13.8B
Tanzania,,,,,,,,,,,,,,,,,,,,,,,,,,,,,,,−1.06B,−1.16B,−1.24B,−1.27B,−1.04B,−916M,−780M,−728M,−722M,−596M,−316M,−48.3M,150M,−40M,−253M,−551M,−1.11B,−1.83B,−2.82B,−2.08B,−2.7B,−4.47B,−3.82B,−4.84B,−4.61B,−3.1B,−1.35B,−1.04B,,
Uganda,23.3M,12.2M,11.9M,22.8M,40.1M,10.8M,2.24M,8.82M,13.7M,13.9M,40.8M,−58.7M,38.9M,57.8M,−6.85M,−53.4M,43.6M,39.8M,−126M,40M,−82M,−80M,−199M,−112M,−59M,−44.7M,−95.3M,−614M,−664M,−535M,−522M,−481M,−444M,−455M,−413M,−520M,−693M,−466M,−709M,−691M,−709M,−718M,−856M,−875M,−799M,−959M,−1.3B,−1.64B,−1.1B,−2.47B,−2.83B,−3.91B,−3.42B,−2.92B,−2B,−3.87B,−1.86B,−1.08B,−2.15B,−2.51B
Ukraine,,,,,,,,,,,,,,,,,,,,,,,,,,,,,,−53.9M,−877M,1.68B,1.47B,−205M,−1.66B,−1.49B,−1.14B,−1.53B,−952M,1.72B,1.57B,391M,1.55B,957M,4.37B,270M,−3.41B,−8.39B,−14.5B,−2.39B,−5.49B,−10.8B,−15.2B,−16.9B,−4.68B,−2.38B,−6.46B,−8.63B,−11.4B,−12B
Uruguay,−60M,−8.79M,−52.9M,0,11.8M,131M,102M,22.9M,47.4M,25.4M,−28.2M,−32.3M,11.9M,36.2M,−103M,−124M,−19M,−114M,−113M,−311M,−569M,−423M,−272M,106M,252M,268M,350M,180M,355M,489M,505M,317M,106M,−64.9M,−108M,−20.1M,−38.7M,−669M,−711M,−765M,−757M,−564M,165M,374M,376M,335M,−270M,−241M,−1.46B,255M,398M,−193M,−1.65B,−1.73B,−1.15B,−198M,814M,1.84B,1.2B,1.35B
United States,,,,,,,,,,,3.95B,621M,−3.37B,4.11B,−815M,16B,−1.63B,−23.1B,−25.4B,−22.5B,−13.1B,−12.5B,−20B,−51.6B,−103B,−114B,−132B,−145B,−109B,−86.7B,−77.9B,−28.6B,−34.7B,−65.2B,−92.5B,−89.8B,−96.4B,−102B,−163B,−256B,−375B,−368B,−425B,−503B,−619B,−721B,−771B,−718B,−723B,−396B,−514B,−579B,−569B,−491B,−508B,−520B,−519B,−575B,−638B,−632B
Uzbekistan,,,,,,,,,,,,,,,,,,,,,,,,,,,,,,,,,,,,,,−439M,−43.4M,−44.5M,725M,293M,280M,610M,840M,872M,963M,1.1B,765M,220M,3.81B,3.65B,807M,410M,−371M,183M,5.06M,−1.23B,−5.31B,−6.15B
St. Vincent and the Grenadines,,,,,,,,,,,,,,,,,,−16M,−11.1M,−23.7M,−30.2M,−23.3M,−25.5M,−22.9M,−14.3M,−6.46M,−9.49M,−22.7M,−11.8M,−46.7M,−22.1M,−41.5M,−23.7M,−43.4M,−57.8M,−38.2M,−37.1M,−80.6M,−91.6M,−62.8M,−21.1M,−33.5M,−36.5M,−68.5M,−87.7M,−90.6M,−114M,−190M,−221M,−196M,−206M,−194M,−214M,,,,,,,
Venezuela,956M,1.21B,1.41B,1.64B,987M,839M,925M,903M,581M,473M,516M,814M,462M,1.62B,6.37B,2.16B,270M,−2.88B,−5.18B,720M,4.66B,3.71B,−2B,6.53B,4.51B,3.51B,−251M,−877M,−3.89B,5.49B,9.06B,2.65B,−1.49B,−130M,4.84B,3.96B,10.4B,6.24B,−1.61B,3.68B,13.6B,4.09B,11.4B,14.3B,19.1B,27.9B,26.4B,14B,31B,−7.84B,43B,32.4B,7.39B,−17.6B,−70.9B,,,,,
Virgin Islands (U.S.),,,,,,,,,,,,,,,,,,,,,,,,,,,,,,,,,,,,,,,,,,,410M,585M,734M,1.04B,765M,1.53B,240M,122M,580M,100M,164M,−230M,−234M,−234M,−234M,−234M,,
Vietnam,,,,,,,,,,,,,,,,,,,,,,,,,,,−2.63B,−3.22B,−2.81B,−642M,−598M,−492M,−403M,−1.16B,−1.54B,−1.89B,−2.7B,−2.18B,−1.99B,−819M,−1.11B,−599M,−2.53B,−4.34B,−6.16B,−1.91B,−1.91B,−10.5B,−13.5B,−10.1B,−9.52B,−5.6B,5.46B,3.7B,6.1B,1.53B,5.26B,6.27B,8.23B,8.36B
Vanuatu,,,,,,,,,,,,,,,,,,,,,−9.78M,−2.33M,−2.48M,−14M,−6.19M,−25.2M,−35.7M,−37.3M,−36.5M,−36.8M,−41M,−28.6M,−19M,−17.4M,−18.3M,−20.4M,−17.6M,4.44M,−26.6M,−44.2M,−23.9M,−30.6M,−18.6M,−15.8M,−27.4M,−37.2M,−30.7M,−36.1M,−75.7M,−43.7M,−42.8M,−44.6M,−13.7M,−27.8M,−6.81M,,,,,
Samoa,,,,,,,,,,,,,,,,,,,,,,,,,,,,,,,,,,,,,,,,,,,−55.1M,−46.9M,−58.7M,−91.3M,−116M,−142M,−116M,−126M,−157M,−185M,−221M,−175M,−202M,−168M,−149M,−130M,−132M,−129M
South Africa,378M,640M,743M,511M,199M,−122M,265M,47.6M,449M,89.6M,−633M,−829M,526M,739M,−202M,−911M,−434M,1.97B,3.04B,5.28B,6.47B,−1.66B,−315M,3.16B,1.36B,5.06B,5.76B,8.51B,5.98B,5.09B,6.13B,5.14B,5.27B,6.08B,3.05B,1.03B,2.2B,1.72B,1.53B,3.45B,3.93B,4.8B,4.38B,4.15B,−329M,−659M,−4.7B,−4B,−4.65B,1.2B,4.66B,3.37B,−5.75B,−8.43B,−5.25B,−4.16B,1.55B,4.48B,1.27B,1.77B
Zambia,,,,,,,,,,,,,,,,,,,,,,,,,,,,,,,,,,,−27.4M,−130M,−247M,−152M,−248M,−330M,−452M,−592M,−447M,−537M,−232M,−81.6M,935M,198M,−289M,365M,1.25B,1.11B,272M,−1.02B,−657M,−2.13B,−693M,−414M,270M,1.79M
Zimbabwe,,,,,,,,,,,,,,,,−72.9M,102M,51.4M,88.6M,−44.6M,−211M,−519M,−452M,−235M,−15.5M,11.2M,157M,185M,264M,134M,6.54M,−284M,−625M,−113M,−132M,−191M,16.3M,−598M,−111M,267M,151M,137M,−199M,−324M,−412M,−515M,−594M,−455M,−1.17B,−2.21B,−2.87B,−2.8B,−4.08B,−2.8B,−2.5B,−3.68B,−2.33B,−2.36B,−2.92B,
